filename,file_size,file_attributes,region_count,region_id,region_shape_attributes,region_attributes
8.jpg,6611,"{}",1,0,"{""name"":""polyline"",""all_points_x"":[112,111,109,100,107,118,114,115,112],""all_points_y"":[86,91,91,132,132,91,91,88,86]}","{""crickt bat"":""cricket_bat"",""cricket bat"":""cricket_bat""}"
7.jpg,6336,"{}",1,0,"{""name"":""polyline"",""all_points_x"":[158,158,154,157,165,165,162,161,158],""all_points_y"":[92,108,111,155,156,112,107,92,92]}","{""crickt bat"":""cricket bat"",""cricket bat"":""cricket_bat""}"
6.jpg,8151,"{}",1,0,"{""name"":""polyline"",""all_points_x"":[88,156,160,163,160,128,115,92,90,52,49,56,87,88],""all_points_y"":[53,33,35,40,43,56,57,62,61,72,67,64,54,53]}","{""crickt bat"":""cricket bat"",""cricket bat"":""cricket_bat""}"
5.jpg,6296,"{}",1,0,"{""name"":""polyline"",""all_points_x"":[189,174,169,132,120,127,139,154,189,185,185,194,189],""all_points_y"":[1,26,27,95,127,132,132,103,33,29,23,7,1]}","{""crickt bat"":""cricket bat"",""cricket bat"":""cricket_bat""}"
9.jpg,1852,"{}",1,0,"{""name"":""polyline"",""all_points_x"":[110,120,119,122,128,125,98,101,105,110,110],""all_points_y"":[5,5,70,76,80,186,186,78,76,69,5]}","{""crickt bat"":""cricket bat"",""cricket bat"":""cricket_bat""}"
4.jpg,6071,"{}",1,0,"{""name"":""polyline"",""all_points_x"":[0,48,50,43,180,190,259,259,98,93,87,72,24,0,0],""all_points_y"":[18,58,70,81,186,194,194,136,24,25,29,30,0,1,18]}","{""crickt bat"":""cricket bat"",""cricket bat"":""cricket_bat""}"
3.jpg,12348,"{}",1,0,"{""name"":""polyline"",""all_points_x"":[46,48,62,112,102,103,187,195,230,229,154,134,74,63,53,47,46],""all_points_y"":[140,134,128,90,76,73,13,11,26,35,100,98,150,154,152,147,140]}","{""crickt bat"":""cricket bat"",""cricket bat"":""cricket_bat""}"
2.jpg,3129,"{}",1,0,"{""name"":""polyline"",""all_points_x"":[189,157,148,138,15,14,21,37,48,55,163,164,165,196,196,194,189],""all_points_y"":[18,52,53,53,174,185,200,211,211,207,79,64,60,23,20,18,18]}","{""crickt bat"":""cricket bat"",""cricket bat"":""cricket_bat""}"
1.jpg,5388,"{}",1,0,"{""name"":""polyline"",""all_points_x"":[80,81,74,74,84,94,97,99,94,91,91,80],""all_points_y"":[6,78,85,195,198,196,195,84,82,79,6,6]}","{""crickt bat"":""cricket bat"",""cricket bat"":""cricket_bat""}"
24.jpg,7257,"{""crickt bat"":""""}",1,0,"{""name"":""polyline"",""all_points_x"":[162,165,179,181,180,182,180,178,177,162],""all_points_y"":[45,44,64,70,71,75,75,72,72,46]}","{""crickt bat"":""cricket_bat"",""cricket bat"":""cricket_bat""}"
23.jpg,14773,"{""crickt bat"":""""}",1,0,"{""name"":""polyline"",""all_points_x"":[213,214,211,212,212,217,220,221,220,217,216,213],""all_points_y"":[118,136,137,179,182,178,168,158,136,135,120,119]}","{""crickt bat"":""cricket bat"",""cricket bat"":""cricket_bat""}"
22.jpg,15935,"{""crickt bat"":""""}",1,0,"{""name"":""polyline"",""all_points_x"":[45,35,49,69,69,45],""all_points_y"":[88,103,99,86,84,89]}","{""crickt bat"":""cricket_bat"",""cricket bat"":""cricket_bat""}"
21.jpg,13471,"{""crickt bat"":""""}",1,0,"{""name"":""polyline"",""all_points_x"":[252,253,249,251,260,253,253,265,261,256,254,252],""all_points_y"":[110,124,129,150,156,163,171,171,128,123,108,110]}","{""crickt bat"":""cricket_bat"",""cricket bat"":""cricket_bat""}"
20.jpg,10696,"{""crickt bat"":""""}",1,0,"{""name"":""polyline"",""all_points_x"":[156,163,169,194,194,191,174,161,160,155,156],""all_points_y"":[113,120,122,151,155,158,140,128,123,115,113]}","{""crickt bat"":""cricket_bat"",""cricket bat"":""cricket_bat""}"
19.jpg,8094,"{""crickt bat"":""""}",1,0,"{""name"":""polyline"",""all_points_x"":[220,232,236,243,227,223,220,221,220],""all_points_y"":[52,16,12,17,57,57,56,55,52]}","{""crickt bat"":""cricket_bat"",""cricket bat"":""cricket_bat""}"
18.jpg,6007,"{""crickt bat"":""""}",1,0,"{""name"":""polyline"",""all_points_x"":[111,119,132,130,123,110],""all_points_y"":[16,11,51,55,58,16]}","{""crickt bat"":""cricket_bat"",""cricket bat"":""cricket_bat""}"
17.jpg,6203,"{""crickt bat"":""""}",1,0,"{""name"":""polyline"",""all_points_x"":[26,25,64,65,65,72,72,60,60,26],""all_points_y"":[41,54,48,46,44,43,40,40,37,40]}","{""crickt bat"":""cricket_bat"",""cricket bat"":""cricket_bat""}"
16.jpg,8962,"{""crickt bat"":""""}",1,0,"{""name"":""polyline"",""all_points_x"":[79,76,77,79,101,105,101,101,99,79],""all_points_y"":[2,5,9,13,25,24,20,16,12,2]}","{""crickt bat"":""cricket_bat"",""cricket bat"":""cricket_bat""}"
15.jpg,41688,"{""crickt bat"":""""}",1,0,"{""name"":""polyline"",""all_points_x"":[171,170,170,253,258,273,273,187,181,175,171],""all_points_y"":[126,124,122,32,33,44,47,137,135,133,126]}","{""crickt bat"":""cricket_bat"",""cricket bat"":""cricket_bat""}"
14.jpg,10789,"{""crickt bat"":""""}",1,0,"{""name"":""polyline"",""all_points_x"":[198,208,226,243,248,249,237,228,215,213,201,198],""all_points_y"":[97,76,47,26,28,31,44,58,77,78,98,96]}","{""crickt bat"":""cricket_bat"",""cricket bat"":""cricket_bat""}"
13.jpg,193643,"{""crickt bat"":""""}",1,0,"{""name"":""polyline"",""all_points_x"":[897,993,1045,1119,1130,1149,1151,992,980,912,899,897],""all_points_y"":[459,303,210,124,120,131,142,357,367,470,462,461]}","{""crickt bat"":""cricket_bat"",""cricket bat"":""cricket_bat""}"
11.jpg,7016,"{""crickt bat"":""""}",1,0,"{""name"":""polyline"",""all_points_x"":[145,191,191,144,145],""all_points_y"":[49,70,81,62,51]}","{""crickt bat"":""cricket_bat"",""cricket bat"":""cricket_bat""}"
10.jpg,6802,"{""crickt bat"":""""}",1,0,"{""name"":""polyline"",""all_points_x"":[144,152,183,180,144],""all_points_y"":[70,67,71,75,70]}","{""crickt bat"":""cricket_bat"",""cricket bat"":""cricket_bat""}"
34.png,1417280,"{""crickt bat"":""""}",1,0,"{""name"":""polyline"",""all_points_x"":[907,899,768,769,901,909,909],""all_points_y"":[290,287,297,325,310,301,291]}","{""cricket bat"":""cricket_bat""}"
54.png,1355237,"{""crickt bat"":""""}",2,0,"{""name"":""polyline"",""all_points_x"":[934,951,959,944,936,932],""all_points_y"":[129,153,153,131,127,131]}","{""cricket bat"":""cricket_bat""}"
54.png,1355237,"{""crickt bat"":""""}",2,1,"{""name"":""polyline"",""all_points_x"":[1148,1131,1117,1123,1139,1151],""all_points_y"":[487,542,594,595,535,491]}","{""cricket bat"":""cricket_bat""}"
55.png,1424048,"{""crickt bat"":""""}",2,0,"{""name"":""polyline"",""all_points_x"":[934,944,954,956,951,934],""all_points_y"":[115,123,142,149,156,115]}","{""cricket bat"":""cricket_bat""}"
55.png,1424048,"{""crickt bat"":""""}",2,1,"{""name"":""polyline"",""all_points_x"":[1149,1121,1132,1157,1149],""all_points_y"":[506,607,606,499,503]}","{""cricket bat"":""cricket_bat""}"
56.png,1451075,"{""crickt bat"":""""}",2,0,"{""name"":""polyline"",""all_points_x"":[954,940,946,954,960,954],""all_points_y"":[117,110,129,146,141,118]}","{""cricket bat"":""cricket_bat""}"
56.png,1451075,"{""crickt bat"":""""}",2,1,"{""name"":""polyline"",""all_points_x"":[1155,1123,1139,1163,1158,1155],""all_points_y"":[508,615,609,504,502,511]}","{""cricket bat"":""cricket_bat""}"
57.png,1467599,"{""crickt bat"":""""}",2,0,"{""name"":""polyline"",""all_points_x"":[951,937,950,955,955,951],""all_points_y"":[142,109,117,120,141,146]}","{""cricket bat"":""cricket_bat""}"
57.png,1467599,"{""crickt bat"":""""}",2,1,"{""name"":""polyline"",""all_points_x"":[1157,1142,1121,1151,1153,1161,1158],""all_points_y"":[507,561,625,597,543,508,507]}","{""cricket bat"":""cricket_bat""}"
58.png,1508984,"{""crickt bat"":""""}",2,0,"{""name"":""polyline"",""all_points_x"":[949,937,952,961,947],""all_points_y"":[149,112,120,153,153]}","{""cricket bat"":""cricket_bat""}"
58.png,1508984,"{""crickt bat"":""""}",2,1,"{""name"":""polyline"",""all_points_x"":[1163,1128,1149,1170,1165],""all_points_y"":[517,640,615,515,516]}","{""cricket bat"":""cricket_bat""}"
59.png,1527978,"{""crickt bat"":""""}",2,0,"{""name"":""polyline"",""all_points_x"":[951,937,956,956,951],""all_points_y"":[148,118,131,144,152]}","{""cricket bat"":""cricket_bat""}"
59.png,1527978,"{""crickt bat"":""""}",2,1,"{""name"":""polyline"",""all_points_x"":[1158,1132,1148,1156,1170,1158],""all_points_y"":[528,636,624,587,521,528]}","{""cricket bat"":""cricket_bat""}"
60.png,1560055,"{""crickt bat"":""""}",2,0,"{""name"":""polyline"",""all_points_x"":[949,942,930,931,947,952,949],""all_points_y"":[166,152,134,132,143,163,168]}","{""cricket bat"":""cricket_bat""}"
60.png,1560055,"{""crickt bat"":""""}",2,1,"{""name"":""polyline"",""all_points_x"":[1166,1132,1155,1172,1166],""all_points_y"":[528,654,635,530,528]}","{""cricket bat"":""cricket_bat""}"
61.png,1579615,"{""crickt bat"":""""}",2,0,"{""name"":""polyline"",""all_points_x"":[951,935,926,925,932,951,954,951],""all_points_y"":[168,153,144,139,139,159,167,168]}","{""cricket bat"":""cricket_bat""}"
61.png,1579615,"{""crickt bat"":""""}",2,1,"{""name"":""polyline"",""all_points_x"":[1170,1138,1162,1167,1178,1170],""all_points_y"":[532,659,630,575,535,531]}","{""cricket bat"":""cricket_bat""}"
62.png,1619689,"{""crickt bat"":""""}",2,0,"{""name"":""polyline"",""all_points_x"":[917,931,944,950,951,937,922,917],""all_points_y"":[152,159,171,178,174,157,146,149]}","{""cricket bat"":""cricket_bat""}"
62.png,1619689,"{""crickt bat"":""""}",2,1,"{""name"":""polyline"",""all_points_x"":[1168,1142,1161,1171,1172,1172,1172,1165],""all_points_y"":[558,673,646,591,581,567,561,560]}","{""cricket bat"":""cricket_bat""}"
63.png,1635072,"{""crickt bat"":""""}",2,0,"{""name"":""polyline"",""all_points_x"":[946,929,920,915,930,940,949,952,949],""all_points_y"":[174,158,154,144,147,156,163,169,178]}","{""cricket bat"":""cricket_bat""}"
63.png,1635072,"{""crickt bat"":""""}",2,1,"{""name"":""polyline"",""all_points_x"":[1172,1139,1153,1161,1168,1173,1173,1172,1176,1178,1175],""all_points_y"":[563,674,669,653,635,612,599,591,570,566,565]}","{""cricket bat"":""cricket_bat""}"
64.png,1653360,"{""crickt bat"":""""}",2,0,"{""name"":""polyline"",""all_points_x"":[951,931,912,914,920,934,949,951],""all_points_y"":[171,143,141,147,148,162,176,172]}","{""cricket bat"":""cricket_bat""}"
64.png,1653360,"{""crickt bat"":""""}",2,1,"{""name"":""polyline"",""all_points_x"":[1183,1144,1158,1176,1177,1177,1186,1185],""all_points_y"":[556,693,685,641,617,596,562,558]}","{""cricket bat"":""cricket_bat""}"
65.png,1677078,"{""crickt bat"":""""}",2,0,"{""name"":""polyline"",""all_points_x"":[950,929,916,912,919,926,937,944,947],""all_points_y"":[164,138,133,133,139,146,159,167,164]}","{""cricket bat"":""cricket_bat""}"
65.png,1677078,"{""crickt bat"":""""}",2,1,"{""name"":""polyline"",""all_points_x"":[1152,1182,1190,1178,1176,1167,1144],""all_points_y"":[696,581,575,609,648,680,698]}","{""cricket bat"":""cricket_bat""}"
66.png,1708529,"{""crickt bat"":""""}",2,0,"{""name"":""polyline"",""all_points_x"":[920,915,920,927,939,945,951,941,929,920],""all_points_y"":[125,127,132,142,152,161,159,149,136,125]}","{""cricket bat"":""cricket_bat""}"
66.png,1708529,"{""crickt bat"":""""}",2,1,"{""name"":""polyline"",""all_points_x"":[1187,1167,1152,1161,1181,1183,1183,1193,1188],""all_points_y"":[579,659,712,710,669,641,617,582,581]}","{""cricket bat"":""cricket_bat""}"
67.png,1713170,"{""crickt bat"":""""}",2,0,"{""name"":""polyline"",""all_points_x"":[950,941,914,914,929,941,945,954],""all_points_y"":[161,136,118,124,143,156,162,158]}","{""cricket bat"":""cricket_bat""}"
67.png,1713170,"{""crickt bat"":""""}",2,1,"{""name"":""polyline"",""all_points_x"":[1188,1155,1186,1186,1186,1188,1193,1195,1190],""all_points_y"":[595,723,681,654,631,612,604,599,594]}","{""cricket bat"":""cricket_bat""}"
68.png,1726033,"{""crickt bat"":""""}",2,0,"{""name"":""polyline"",""all_points_x"":[951,939,911,929,936,941,950],""all_points_y"":[156,125,119,131,141,159,156]}","{""cricket bat"":""cricket_bat""}"
68.png,1726033,"{""crickt bat"":""""}",2,1,"{""name"":""polyline"",""all_points_x"":[1190,1175,1156,1160,1168,1195,1197,1192,1192,1193,1187],""all_points_y"":[602,665,725,732,732,663,637,629,604,601,601]}","{""cricket bat"":""cricket_bat""}"
84.png,1892010,"{""crickt bat"":""""}",1,0,"{""name"":""polyline"",""all_points_x"":[1128,1096,1133,1137,1131],""all_points_y"":[860,942,940,905,857]}","{""cricket bat"":""cricket_bat""}"
85.png,1898665,"{""crickt bat"":""""}",1,0,"{""name"":""polyline"",""all_points_x"":[1093,1060,1091,1111,1111,1093],""all_points_y"":[837,940,945,873,847,838]}","{""cricket bat"":""cricket_bat""}"
86.png,1827913,"{""crickt bat"":""""}",1,0,"{""name"":""polyline"",""all_points_x"":[1074,1030,1065,1096,1111,1112,1107,1077],""all_points_y"":[862,940,940,866,842,823,818,862]}","{""cricket bat"":""cricket_bat""}"
87.png,1850314,"{""crickt bat"":""""}",1,0,"{""name"":""polyline"",""all_points_x"":[1085,1018,1054,1101,1085],""all_points_y"":[847,942,941,847,847]}","{""cricket bat"":""cricket_bat""}"
88.png,1873505,"{""crickt bat"":""""}",1,0,"{""name"":""polyline"",""all_points_x"":[1084,1042,1025,1058,1069,1087,1088,1083],""all_points_y"":[855,912,941,941,910,882,862,855]}","{""cricket bat"":""cricket_bat""}"
89.png,1859012,"{""crickt bat"":""""}",1,0,"{""name"":""polyline"",""all_points_x"":[1085,1060,1030,1027,1062,1067,1079,1092,1084],""all_points_y"":[858,881,936,945,944,909,890,860,860]}","{""cricket bat"":""cricket_bat""}"
90.png,1875133,"{""crickt bat"":""""}",1,0,"{""name"":""polyline"",""all_points_x"":[1079,1057,1048,1025,1054,1057,1067,1084,1082,1079],""all_points_y"":[856,883,893,945,944,926,904,876,856,856]}","{""cricket bat"":""cricket_bat""}"
91.png,1920450,"{""crickt bat"":""""}",1,0,"{""name"":""polyline"",""all_points_x"":[1077,1049,1040,1070,1078,1089,1088,1078],""all_points_y"":[812,862,941,940,862,831,809,811]}","{""cricket bat"":""cricket_bat""}"
92.png,1940675,"{""crickt bat"":""""}",1,0,"{""name"":""polyline"",""all_points_x"":[1098,1075,1072,1094,1103,1098,1102,1099],""all_points_y"":[791,822,945,945,846,833,791,793]}","{""cricket bat"":""cricket_bat""}"
93.png,1961386,"{""crickt bat"":""""}",1,0,"{""name"":""polyline"",""all_points_x"":[1114,1094,1091,1118,1126,1117,1122,1116],""all_points_y"":[786,833,941,944,861,848,824,791]}","{""cricket bat"":""cricket_bat""}"
94.png,1943891,"{""crickt bat"":""""}",1,0,"{""name"":""polyline"",""all_points_x"":[1128,1112,1109,1141,1138,1131,1132,1131,1129],""all_points_y"":[821,862,940,939,904,876,845,822,822]}","{""cricket bat"":""cricket_bat""}"
95.png,1948975,"{""crickt bat"":""""}",1,0,"{""name"":""polyline"",""all_points_x"":[1116,1097,1101,1131,1132,1121,1131,1126,1116],""all_points_y"":[831,902,942,944,927,892,856,836,832]}","{""cricket bat"":""cricket_bat""}"
96.png,1964746,"{""crickt bat"":""""}",1,0,"{""name"":""polyline"",""all_points_x"":[1096,1079,1080,1109,1113,1099,1098,1101,1093],""all_points_y"":[806,850,941,941,897,873,845,827,801]}","{""cricket bat"":""cricket_bat""}"
98.png,1977623,"{""crickt bat"":""""}",1,0,"{""name"":""polyline"",""all_points_x"":[1072,1044,1035,1065,1083,1075,1080,1073,1070],""all_points_y"":[772,880,937,941,846,821,769,764,774]}","{""cricket bat"":""cricket_bat""}"
99.png,1981289,"{""crickt bat"":""""}",1,0,"{""name"":""polyline"",""all_points_x"":[1069,1044,1003,1048,1069,1068,1083,1067],""all_points_y"":[762,826,945,939,838,808,755,760]}","{""cricket bat"":""cricket_bat""}"
100.png,2004952,"{""crickt bat"":""""}",1,0,"{""name"":""polyline"",""all_points_x"":[1048,984,974,980,1028,1033,1019,1054,1058,1082,1077,1067,1062,1047],""all_points_y"":[779,934,941,944,945,945,932,829,799,767,742,764,778,783]}","{""cricket bat"":""cricket_bat""}"
101.png,2031797,"{""crickt bat"":""""}",1,0,"{""name"":""polyline"",""all_points_x"":[1018,947,921,907,969,1000,989,1011,1028,1028,1047,1050,1047,1039,1033,1020,1011],""all_points_y"":[743,882,915,944,944,893,883,816,782,773,744,727,720,728,742,742,752]}","{""cricket bat"":""cricket_bat""}"
102.png,2057482,"{""crickt bat"":""""}",1,0,"{""name"":""polyline"",""all_points_x"":[1014,944,932,883,954,988,975,1018,1018,1040,1047,1045,1034,1011],""all_points_y"":[727,858,865,940,947,871,860,773,748,727,694,690,714,730]}","{""cricket bat"":""cricket_bat""}"
103.png,2060297,"{""crickt bat"":""""}",1,0,"{""name"":""polyline"",""all_points_x"":[1001,942,925,875,875,939,979,970,1006,1019,1034,1027,1014,1005,1000],""all_points_y"":[707,819,848,935,939,944,848,843,742,717,684,694,712,712,712]}","{""cricket bat"":""cricket_bat""}"
104.png,2004625,"{""crickt bat"":""""}",1,0,"{""name"":""polyline"",""all_points_x"":[975,902,888,808,882,955,935,989,1010,1010,989,975],""all_points_y"":[684,809,812,941,945,813,806,708,673,663,684,685]}","{""cricket bat"":""cricket_bat""}"
105.png,1980646,"{""crickt bat"":""""}",1,0,"{""name"":""polyline"",""all_points_x"":[957,896,881,809,880,936,924,969,983,996,988,959,954],""all_points_y"":[688,806,812,945,945,818,812,715,689,668,661,683,688]}","{""cricket bat"":""cricket_bat""}"
106.png,1985516,"{""crickt bat"":""""}",1,0,"{""name"":""polyline"",""all_points_x"":[939,880,867,806,872,926,915,915,929,959,970,970,959,940],""all_points_y"":[688,814,818,939,945,822,816,797,773,693,668,658,666,689]}","{""cricket bat"":""cricket_bat""}"
107.png,2002619,"{""crickt bat"":""""}",1,0,"{""name"":""polyline"",""all_points_x"":[919,876,856,811,880,924,904,917,937,947,950,935,920],""all_points_y"":[675,817,824,945,947,821,812,778,686,668,650,668,678]}","{""cricket bat"":""cricket_bat""}"
108.png,2017347,"{""crickt bat"":""""}",1,0,"{""name"":""polyline"",""all_points_x"":[921,883,873,823,823,888,925,906,937,937,947,944,934,920],""all_points_y"":[676,806,807,935,940,947,809,798,703,674,661,649,669,679]}","{""cricket bat"":""cricket_bat""}"
109.png,2055844,"{""crickt bat"":""""}",1,0,"{""name"":""polyline"",""all_points_x"":[930,900,883,836,899,934,925,949,952,959,957,944,932],""all_points_y"":[663,776,803,945,944,794,781,678,658,648,632,651,660]}","{""cricket bat"":""cricket_bat""}"
110.png,2101824,"{""crickt bat"":""""}",1,0,"{""name"":""polyline"",""all_points_x"":[956,917,904,837,893,957,945,944,959,969,979,983,973,956],""all_points_y"":[635,758,764,945,941,765,764,748,694,653,644,614,631,635]}","{""cricket bat"":""cricket_bat""}"
111.png,2119943,"{""crickt bat"":""""}",1,0,"{""name"":""polyline"",""all_points_x"":[975,929,911,829,891,969,957,976,981,989,1006,1003,991,969],""all_points_y"":[629,742,744,941,944,748,737,694,653,634,619,601,621,632]}","{""cricket bat"":""cricket_bat""}"
112.png,2150241,"{""crickt bat"":""""}",1,0,"{""name"":""polyline"",""all_points_x"":[991,944,927,828,895,983,971,1010,990],""all_points_y"":[621,719,719,939,944,728,724,629,622]}","{""cricket bat"":""cricket_bat""}"
113.png,2171976,"{""crickt bat"":""""}",1,0,"{""name"":""polyline"",""all_points_x"":[1040,985,968,856,867,902,910,1023,1013,1015,1050,1065,1040],""all_points_y"":[609,705,704,912,922,936,936,722,710,690,636,610,612]}","{""cricket bat"":""cricket_bat""}"
114.png,2178008,"{""crickt bat"":""""}",1,0,"{""name"":""polyline"",""all_points_x"":[1073,1032,1020,1008,896,936,947,991,1055,1050,1049,1060,1091,1072],""all_points_y"":[624,700,710,709,900,921,916,843,727,722,710,685,627,625]}","{""cricket bat"":""cricket_bat""}"
115.png,2187098,"{""crickt bat"":""""}",1,0,"{""name"":""polyline"",""all_points_x"":[1096,1058,1038,954,981,1013,1091,1078,1104,1109,1097],""all_points_y"":[630,713,712,895,907,915,730,718,660,640,632]}","{""cricket bat"":""cricket_bat""}"
116.png,2232042,"{""crickt bat"":""""}",1,0,"{""name"":""polyline"",""all_points_x"":[1097,1079,1068,1035,1064,1091,1119,1107,1107,1108,1098],""all_points_y"":[634,712,724,907,916,915,732,720,705,646,635]}","{""cricket bat"":""cricket_bat""}"
117.png,2251420,"{""crickt bat"":""""}",1,0,"{""name"":""polyline"",""all_points_x"":[1088,1101,1089,1119,1158,1168,1175,1165,1136,1126,1107,1101,1088],""all_points_y"":[650,724,733,915,929,926,917,821,735,729,669,648,651]}","{""cricket bat"":""cricket_bat""}"
118.png,2083215,"{""crickt bat"":""""}",1,0,"{""name"":""polyline"",""all_points_x"":[1078,1186,1147,1065,1055,1080],""all_points_y"":[656,813,808,670,639,660]}","{""cricket bat"":""cricket_bat""}"
119.png,1596551,"{""crickt bat"":""""}",1,0,"{""name"":""polyline"",""all_points_x"":[1042,1153,1180,1177,1134,1039,1038],""all_points_y"":[643,771,782,793,783,673,643]}","{""cricket bat"":""cricket_bat""}"
124.png,2104336,"{""crickt bat"":""""}",1,0,"{""name"":""polyline"",""all_points_x"":[949,909,939,966,960,949],""all_points_y"":[719,809,831,778,747,715]}","{""cricket bat"":""cricket_bat""}"
125.png,1742684,"{""crickt bat"":""""}",2,0,"{""name"":""polyline"",""all_points_x"":[947,939,910,911,929,946,947],""all_points_y"":[156,127,117,128,142,158,153]}","{""cricket bat"":""cricket_bat""}"
125.png,1742684,"{""crickt bat"":""""}",2,1,"{""name"":""polyline"",""all_points_x"":[1195,1160,1170,1182,1196,1196,1193,1196,1195],""all_points_y"":[611,737,735,717,683,663,644,617,612]}","{""cricket bat"":""cricket_bat""}"
126.png,1762649,"{""crickt bat"":""""}",2,0,"{""name"":""polyline"",""all_points_x"":[939,932,901,924,936,941],""all_points_y"":[166,151,119,123,147,169]}","{""cricket bat"":""cricket_bat""}"
126.png,1762649,"{""crickt bat"":""""}",2,1,"{""name"":""polyline"",""all_points_x"":[1188,1167,1182,1188,1195,1201,1195,1193,1193,1188],""all_points_y"":[610,747,742,713,693,664,648,621,619,611]}","{""cricket bat"":""cricket_bat""}"
127.png,1767486,"{""crickt bat"":""""}",2,0,"{""name"":""polyline"",""all_points_x"":[944,921,895,914,945,945,944],""all_points_y"":[163,122,118,138,178,167,159]}","{""cricket bat"":""cricket_bat""}"
127.png,1767486,"{""crickt bat"":""""}",2,1,"{""name"":""polyline"",""all_points_x"":[1193,1165,1181,1191,1202,1202,1200,1202,1193],""all_points_y"":[620,750,754,728,701,664,648,625,619]}","{""cricket bat"":""cricket_bat""}"
128.png,1749906,"{""crickt bat"":""""}",2,0,"{""name"":""polyline"",""all_points_x"":[934,887,876,891,921,934],""all_points_y"":[181,137,143,149,176,181]}","{""cricket bat"":""cricket_bat""}"
128.png,1749906,"{""crickt bat"":""""}",2,1,"{""name"":""polyline"",""all_points_x"":[1201,1196,1190,1173,1196,1203,1210,1215,1208,1207,1202],""all_points_y"":[649,689,691,782,784,758,719,698,688,654,650]}","{""cricket bat"":""cricket_bat""}"
129.png,1738021,"{""crickt bat"":""""}",2,0,"{""name"":""polyline"",""all_points_x"":[931,872,870,921,931],""all_points_y"":[202,166,177,207,201]}","{""cricket bat"":""cricket_bat""}"
129.png,1738021,"{""crickt bat"":""""}",2,1,"{""name"":""polyline"",""all_points_x"":[1219,1208,1201,1183,1205,1220,1225,1221,1220,1219],""all_points_y"":[670,714,718,811,816,755,724,708,669,669]}","{""cricket bat"":""cricket_bat""}"
130.png,1729280,"{""crickt bat"":""""}",2,0,"{""name"":""polyline"",""all_points_x"":[929,878,855,919,929],""all_points_y"":[217,186,184,228,216]}","{""cricket bat"":""cricket_bat""}"
130.png,1729280,"{""crickt bat"":""""}",2,1,"{""name"":""polyline"",""all_points_x"":[1224,1224,1212,1196,1225,1234,1239,1232,1235,1224],""all_points_y"":[715,758,763,858,861,809,757,754,715,712]}","{""cricket bat"":""cricket_bat""}"
131.png,1718188,"{""crickt bat"":""""}",2,0,"{""name"":""polyline"",""all_points_x"":[878,842,907,914,921,877],""all_points_y"":[179,183,222,228,223,181]}","{""cricket bat"":""cricket_bat""}"
131.png,1718188,"{""crickt bat"":""""}",2,1,"{""name"":""polyline"",""all_points_x"":[1236,1234,1227,1216,1239,1251,1242,1244,1239],""all_points_y"":[735,779,786,871,870,783,778,734,738]}","{""cricket bat"":""cricket_bat""}"
132.png,1580965,"{""crickt bat"":""""}",1,0,"{""name"":""polyline"",""all_points_x"":[811,843,873,885,877,845,833,808,809],""all_points_y"":[148,179,236,261,266,206,182,154,151]}","{""cricket bat"":""cricket_bat""}"
134.png,1527895,"{""crickt bat"":""""}",1,0,"{""name"":""polyline"",""all_points_x"":[783,778,845,848,855,860,856,860,781],""all_points_y"":[169,195,269,269,269,266,262,252,167]}","{""cricket bat"":""cricket_bat""}"
135.png,1474389,"{""crickt bat"":""""}",1,0,"{""name"":""polyline"",""all_points_x"":[740,735,851,853,866,870,857,857,737],""all_points_y"":[225,253,295,284,290,285,277,267,227]}","{""cricket bat"":""cricket_bat""}"
136.png,1366183,"{""crickt bat"":""""}",1,0,"{""name"":""polyline"",""all_points_x"":[975,986,995,1027,1014,1001,976],""all_points_y"":[319,363,366,350,329,312,316]}","{""cricket bat"":""cricket_bat""}"
137.png,1284894,"{""crickt bat"":""""}",1,0,"{""name"":""polyline"",""all_points_x"":[1065,1151,1219,1191,1124,1069,1068],""all_points_y"":[329,319,338,364,340,348,324]}","{""cricket bat"":""cricket_bat""}"
138.png,1394302,"{""crickt bat"":""""}",1,0,"{""name"":""polyline"",""all_points_x"":[1033,1227,1301,1296,1266,1177,1148,1033,1030],""all_points_y"":[371,301,297,311,326,345,339,380,365]}","{""cricket bat"":""cricket_bat""}"
139.png,1424049,"{""crickt bat"":""""}",1,0,"{""name"":""polyline"",""all_points_x"":[1038,1167,1264,1314,1310,1195,1180,1128,1044,1037],""all_points_y"":[393,328,277,277,294,343,338,364,403,389]}","{""cricket bat"":""cricket_bat""}"
140.png,1438694,"{""crickt bat"":""""}",2,0,"{""name"":""polyline"",""all_points_x"":[856,881,891,904,905,890,875,853],""all_points_y"":[537,508,496,487,493,504,525,542]}","{""cricket bat"":""cricket_bat""}"
140.png,1438694,"{""crickt bat"":""""}",2,1,"{""name"":""polyline"",""all_points_x"":[936,939,946,950,954,950,946,945,936],""all_points_y"":[750,819,824,823,817,793,773,748,749]}","{""cricket bat"":""cricket_bat""}"
141.png,1514204,"{""crickt bat"":""""}",2,0,"{""name"":""polyline"",""all_points_x"":[809,836,848,852,853,837,811,807],""all_points_y"":[543,508,501,499,502,523,548,547]}","{""cricket bat"":""cricket_bat""}"
141.png,1514204,"{""crickt bat"":""""}",2,1,"{""name"":""polyline"",""all_points_x"":[887,888,890,899,895,897,892,891],""all_points_y"":[734,779,803,787,772,737,733,733]}","{""cricket bat"":""cricket_bat""}"
142.png,1554886,"{""crickt bat"":""""}",2,0,"{""name"":""polyline"",""all_points_x"":[632,654,670,674,654,632,631],""all_points_y"":[572,552,540,543,555,576,573]}","{""cricket bat"":""cricket_bat""}"
142.png,1554886,"{""crickt bat"":""""}",2,1,"{""name"":""polyline"",""all_points_x"":[709,710,715,720,724,722,712],""all_points_y"":[715,765,773,763,753,714,718]}","{""cricket bat"":""cricket_bat""}"
143.png,1582105,"{""crickt bat"":""""}",2,0,"{""name"":""polyline"",""all_points_x"":[561,587,601,601,595,584,558],""all_points_y"":[585,557,551,556,560,572,586]}","{""cricket bat"":""cricket_bat""}"
143.png,1582105,"{""crickt bat"":""""}",2,1,"{""name"":""polyline"",""all_points_x"":[645,645,649,654,654,651,648],""all_points_y"":[725,776,777,769,752,723,723]}","{""cricket bat"":""cricket_bat""}"
144.png,1535025,"{""crickt bat"":""""}",2,0,"{""name"":""polyline"",""all_points_x"":[420,452,461,435,420],""all_points_y"":[595,572,572,591,596]}","{""cricket bat"":""cricket_bat""}"
144.png,1535025,"{""crickt bat"":""""}",2,1,"{""name"":""polyline"",""all_points_x"":[512,509,511,521,521,521,518,511],""all_points_y"":[728,791,802,782,768,735,730,727]}","{""cricket bat"":""cricket_bat""}"
145.png,1569541,"{""crickt bat"":""""}",2,0,"{""name"":""polyline"",""all_points_x"":[162,206,212,157,158,162],""all_points_y"":[606,587,596,616,607,605]}","{""cricket bat"":""cricket_bat""}"
145.png,1569541,"{""crickt bat"":""""}",2,1,"{""name"":""polyline"",""all_points_x"":[289,289,290,296,299,299,292,289],""all_points_y"":[738,781,789,786,773,739,729,740]}","{""cricket bat"":""cricket_bat""}"
148.png,1096174,"{""crickt bat"":""""}",2,0,"{""name"":""polyline"",""all_points_x"":[937,944,957,968,965,959,937],""all_points_y"":[132,132,147,167,172,172,132]}","{""cricket bat"":""cricket_bat""}"
148.png,1096174,"{""crickt bat"":""""}",2,1,"{""name"":""polyline"",""all_points_x"":[1202,1200,1195,1190,1182,1173,1175,1181,1186,1193,1203,1203,1203,1202],""all_points_y"":[520,535,541,555,579,604,619,617,605,581,562,550,537,521]}","{""cricket bat"":""cricket_bat""}"
149.png,1107824,"{""crickt bat"":""""}",2,0,"{""name"":""polyline"",""all_points_x"":[940,947,951,959,965,966,964,963,957,955,951,947,939,944],""all_points_y"":[132,132,138,149,158,164,168,169,164,157,149,143,138,129]}","{""cricket bat"":""cricket_bat""}"
149.png,1107824,"{""crickt bat"":""""}",2,1,"{""name"":""polyline"",""all_points_x"":[1208,1193,1187,1177,1176,1176,1186,1187,1190,1191,1205,1208,1211,1211],""all_points_y"":[518,550,566,589,605,610,615,611,599,585,552,546,527,521]}","{""cricket bat"":""cricket_bat""}"
150.png,1235403,"{""crickt bat"":""""}",2,0,"{""name"":""polyline"",""all_points_x"":[960,957,951,941,937,939,954,961],""all_points_y"":[157,146,141,133,132,137,149,163]}","{""cricket bat"":""cricket_bat""}"
150.png,1235403,"{""crickt bat"":""""}",2,1,"{""name"":""polyline"",""all_points_x"":[1221,1210,1203,1188,1195,1198,1205,1205,1215,1219,1217,1222],""all_points_y"":[523,547,555,621,631,631,617,597,576,556,551,526]}","{""cricket bat"":""cricket_bat""}"
151.png,1327440,"{""crickt bat"":""""}",2,0,"{""name"":""polyline"",""all_points_x"":[955,945,937,934,934,939,947,957,959,956],""all_points_y"":[169,146,141,136,133,134,141,157,159,173]}","{""cricket bat"":""cricket_bat""}"
151.png,1327440,"{""crickt bat"":""""}",2,1,"{""name"":""polyline"",""all_points_x"":[1224,1212,1205,1193,1193,1197,1201,1221,1227,1220],""all_points_y"":[530,566,572,624,630,637,636,561,532,528]}","{""cricket bat"":""cricket_bat""}"
152.png,1374836,"{""crickt bat"":""""}",2,0,"{""name"":""polyline"",""all_points_x"":[960,940,932,937,954,956,960],""all_points_y"":[163,132,132,141,162,166,163]}","{""cricket bat"":""cricket_bat""}"
152.png,1374836,"{""crickt bat"":""""}",2,1,"{""name"":""polyline"",""all_points_x"":[1234,1219,1196,1195,1203,1216,1221,1236,1234],""all_points_y"":[532,573,614,645,645,607,584,537,532]}","{""cricket bat"":""cricket_bat""}"
153.png,1428218,"{""crickt bat"":""""}",2,0,"{""name"":""polyline"",""all_points_x"":[955,930,932,949,961,957],""all_points_y"":[164,134,128,139,163,167]}","{""cricket bat"":""cricket_bat""}"
153.png,1428218,"{""crickt bat"":""""}",2,1,"{""name"":""polyline"",""all_points_x"":[1235,1211,1198,1208,1220,1237,1234],""all_points_y"":[536,589,645,649,607,537,536]}","{""cricket bat"":""cricket_bat""}"
154.png,1481410,"{""crickt bat"":""""}",2,0,"{""name"":""polyline"",""all_points_x"":[952,941,926,929,940,947,956,959,954],""all_points_y"":[167,143,133,129,131,137,154,163,168]}","{""cricket bat"":""cricket_bat""}"
154.png,1481410,"{""crickt bat"":""""}",2,1,"{""name"":""polyline"",""all_points_x"":[1225,1211,1202,1217,1230,1241,1235,1226],""all_points_y"":[579,609,661,663,599,547,542,580]}","{""cricket bat"":""cricket_bat""}"
155.png,1546710,"{""crickt bat"":""""}",2,0,"{""name"":""polyline"",""all_points_x"":[960,941,926,927,934,952,959],""all_points_y"":[159,133,128,136,137,159,163]}","{""cricket bat"":""cricket_bat""}"
155.png,1546710,"{""crickt bat"":""""}",2,1,"{""name"":""polyline"",""all_points_x"":[1239,1207,1207,1217,1225,1246,1240],""all_points_y"":[548,637,665,669,639,555,548]}","{""cricket bat"":""cricket_bat""}"
156.png,1574542,"{""crickt bat"":""""}",2,0,"{""name"":""polyline"",""all_points_x"":[957,940,927,926,941,951,956],""all_points_y"":[158,127,124,129,149,166,161]}","{""cricket bat"":""cricket_bat""}"
156.png,1574542,"{""crickt bat"":""""}",2,1,"{""name"":""polyline"",""all_points_x"":[1240,1219,1211,1222,1235,1249,1242],""all_points_y"":[557,632,675,678,627,563,560]}","{""cricket bat"":""cricket_bat""}"
157.png,1593088,"{""crickt bat"":""""}",2,0,"{""name"":""polyline"",""all_points_x"":[959,945,925,935,955,957],""all_points_y"":[156,131,124,137,161,158]}","{""cricket bat"":""cricket_bat""}"
157.png,1593088,"{""crickt bat"":""""}",2,1,"{""name"":""polyline"",""all_points_x"":[1245,1219,1213,1229,1232,1244,1250,1242],""all_points_y"":[562,640,681,684,646,601,563,557]}","{""cricket bat"":""cricket_bat""}"
158.png,1607561,"{""crickt bat"":""""}",2,0,"{""name"":""polyline"",""all_points_x"":[961,956,927,939,946,950,960],""all_points_y"":[151,129,108,127,142,151,149]}","{""cricket bat"":""cricket_bat""}"
158.png,1607561,"{""crickt bat"":""""}",2,1,"{""name"":""polyline"",""all_points_x"":[1245,1224,1213,1234,1240,1250,1246],""all_points_y"":[568,646,690,685,629,580,573]}","{""cricket bat"":""cricket_bat""}"
159.png,1626059,"{""crickt bat"":""""}",2,0,"{""name"":""polyline"",""all_points_x"":[963,955,942,932,947,955,966,961],""all_points_y"":[127,113,95,95,127,146,148,127]}","{""cricket bat"":""cricket_bat""}"
159.png,1626059,"{""crickt bat"":""""}",2,1,"{""name"":""polyline"",""all_points_x"":[1249,1237,1222,1224,1237,1237,1244,1250,1256,1249],""all_points_y"":[584,617,679,705,710,691,659,612,587,576]}","{""cricket bat"":""cricket_bat""}"
161.png,1663368,"{""crickt bat"":""""}",2,0,"{""name"":""polyline"",""all_points_x"":[949,940,925,942,949,950],""all_points_y"":[114,95,90,122,138,113]}","{""cricket bat"":""cricket_bat""}"
161.png,1663368,"{""crickt bat"":""""}",2,1,"{""name"":""polyline"",""all_points_x"":[1250,1247,1241,1232,1251,1255,1254,1255,1247],""all_points_y"":[606,632,646,734,733,641,637,600,604]}","{""cricket bat"":""cricket_bat""}"
162.png,1675673,"{""crickt bat"":""""}",2,0,"{""name"":""polyline"",""all_points_x"":[951,947,924,920,927,941,944,951],""all_points_y"":[141,118,98,98,109,134,146,147]}","{""cricket bat"":""cricket_bat""}"
162.png,1675673,"{""crickt bat"":""""}",2,1,"{""name"":""polyline"",""all_points_x"":[1246,1246,1242,1240,1241,1262,1257,1255,1250,1246],""all_points_y"":[606,643,651,708,738,738,650,641,610,607]}","{""cricket bat"":""cricket_bat""}"
163.png,1671172,"{""crickt bat"":""""}",2,0,"{""name"":""polyline"",""all_points_x"":[954,935,910,905,916,935,939,954],""all_points_y"":[158,123,99,105,122,156,166,161]}","{""cricket bat"":""cricket_bat""}"
163.png,1671172,"{""crickt bat"":""""}",2,1,"{""name"":""polyline"",""all_points_x"":[1249,1246,1237,1237,1246,1265,1257,1254,1256,1247],""all_points_y"":[624,654,668,665,750,747,660,658,616,622]}","{""cricket bat"":""cricket_bat""}"
164.png,1666907,"{""crickt bat"":""""}",2,0,"{""name"":""polyline"",""all_points_x"":[949,941,937,919,909,902,914,942,946],""all_points_y"":[166,147,138,120,112,113,127,173,167]}","{""cricket bat"":""cricket_bat""}"
164.png,1666907,"{""crickt bat"":""""}",2,1,"{""name"":""polyline"",""all_points_x"":[1246,1247,1240,1246,1256,1264,1264,1260,1257,1256,1247],""all_points_y"":[627,668,671,757,767,758,734,664,660,630,629]}","{""cricket bat"":""cricket_bat""}"
165.png,1672636,"{""crickt bat"":""""}",2,0,"{""name"":""polyline"",""all_points_x"":[951,932,904,890,916,932,936,947],""all_points_y"":[171,131,108,115,141,169,174,172]}","{""cricket bat"":""cricket_bat""}"
165.png,1672636,"{""crickt bat"":""""}",2,1,"{""name"":""polyline"",""all_points_x"":[1250,1252,1245,1245,1264,1270,1265,1259,1259,1252],""all_points_y"":[636,670,680,765,778,764,679,668,639,635]}","{""cricket bat"":""cricket_bat""}"
166.png,1650572,"{""crickt bat"":""""}",2,0,"{""name"":""polyline"",""all_points_x"":[937,910,880,863,911,930,940],""all_points_y"":[176,136,107,115,162,182,178]}","{""cricket bat"":""cricket_bat""}"
166.png,1650572,"{""crickt bat"":""""}",2,1,"{""name"":""polyline"",""all_points_x"":[1265,1266,1260,1260,1275,1289,1283,1276,1272,1262],""all_points_y"":[696,733,744,838,848,841,734,729,695,695]}","{""cricket bat"":""cricket_bat""}"
167.png,1611400,"{""crickt bat"":""""}",2,0,"{""name"":""polyline"",""all_points_x"":[932,873,862,857,901,926,935],""all_points_y"":[188,114,117,123,174,202,189]}","{""cricket bat"":""cricket_bat""}"
167.png,1611400,"{""crickt bat"":""""}",2,1,"{""name"":""polyline"",""all_points_x"":[1283,1284,1279,1280,1300,1305,1296,1293,1284],""all_points_y"":[740,792,802,871,872,798,792,757,742]}","{""cricket bat"":""cricket_bat""}"
168.png,1608027,"{""crickt bat"":""""}",2,0,"{""name"":""polyline"",""all_points_x"":[939,880,863,902,926,939],""all_points_y"":[216,137,142,188,225,215]}","{""cricket bat"":""cricket_bat""}"
168.png,1608027,"{""crickt bat"":""""}",2,1,"{""name"":""polyline"",""all_points_x"":[1293,1290,1283,1286,1320,1314,1304,1304,1293],""all_points_y"":[781,824,832,873,872,828,824,792,772]}","{""cricket bat"":""cricket_bat""}"
169.png,1416066,"{""crickt bat"":""""}",1,0,"{""name"":""polyline"",""all_points_x"":[978,935,909,901,919,955,970,980],""all_points_y"":[279,284,297,309,309,292,292,285]}","{""cricket bat"":""cricket_bat""}"
170.png,1307807,"{""crickt bat"":""""}",1,0,"{""name"":""polyline"",""all_points_x"":[1082,1106,1143,1160,1175,1128,1092,1053,1080],""all_points_y"":[257,267,281,299,329,305,300,276,260]}","{""cricket bat"":""cricket_bat""}"
171.png,1219642,"{""crickt bat"":""""}",1,0,"{""name"":""polyline"",""all_points_x"":[1033,1050,1059,1088,1093,1106,1094,1080,1072,1064,1048,1037,1029],""all_points_y"":[133,85,50,11,6,16,40,72,84,115,153,157,136]}","{""cricket bat"":""cricket_bat""}"
172.png,1258672,"{""crickt bat"":""""}",1,0,"{""name"":""polyline"",""all_points_x"":[961,994,1011,1004,1003,995,959],""all_points_y"":[1,112,104,55,24,0,3]}","{""cricket bat"":""cricket_bat""}"
173.png,1335877,"{""crickt bat"":""""}",2,0,"{""name"":""polyline"",""all_points_x"":[818,847,853,853,831,818,817],""all_points_y"":[493,501,502,507,501,494,492]}","{""cricket bat"":""cricket_bat""}"
173.png,1335877,"{""crickt bat"":""""}",2,1,"{""name"":""polyline"",""all_points_x"":[946,934,921,914,920,922,927,935,942,945],""all_points_y"":[779,803,827,845,846,846,833,816,802,782]}","{""cricket bat"":""cricket_bat""}"
174.png,1424472,"{""crickt bat"":""""}",2,0,"{""name"":""polyline"",""all_points_x"":[715,688,686,690,699,717],""all_points_y"":[547,543,541,535,538,546]}","{""cricket bat"":""cricket_bat""}"
174.png,1424472,"{""crickt bat"":""""}",2,1,"{""name"":""polyline"",""all_points_x"":[789,771,763,774,778,793,789],""all_points_y"":[773,796,817,822,802,776,776]}","{""cricket bat"":""cricket_bat""}"
175.png,1508455,"{""crickt bat"":""""}",2,0,"{""name"":""polyline"",""all_points_x"":[648,627,624,622,629,634,640,645,646,649],""all_points_y"":[562,558,555,552,551,551,555,557,560,563]}","{""cricket bat"":""cricket_bat""}"
175.png,1508455,"{""crickt bat"":""""}",2,1,"{""name"":""polyline"",""all_points_x"":[710,696,691,691,696,707,714,718,713],""all_points_y"":[767,787,799,806,811,794,774,767,767]}","{""cricket bat"":""cricket_bat""}"
176.png,1463495,"{""crickt bat"":""""}",2,0,"{""name"":""polyline"",""all_points_x"":[520,504,503,507,517,531,520],""all_points_y"":[582,571,562,563,575,589,585]}","{""cricket bat"":""cricket_bat""}"
176.png,1463495,"{""crickt bat"":""""}",2,1,"{""name"":""polyline"",""all_points_x"":[584,566,557,557,562,568,572,586,584],""all_points_y"":[753,774,783,786,787,782,771,755,752]}","{""cricket bat"":""cricket_bat""}"
177.png,1497410,"{""crickt bat"":""""}",2,0,"{""name"":""polyline"",""all_points_x"":[331,309,307,311,317,339,331],""all_points_y"":[622,596,591,589,592,624,624]}","{""cricket bat"":""cricket_bat""}"
177.png,1497410,"{""crickt bat"":""""}",2,1,"{""name"":""polyline"",""all_points_x"":[375,353,351,354,359,376],""all_points_y"":[754,772,779,782,782,755]}","{""cricket bat"":""cricket_bat""}"
178.png,1545876,"{""crickt bat"":""""}",1,0,"{""name"":""polyline"",""all_points_x"":[167,163,168,172,172,167],""all_points_y"":[627,607,607,616,632,630]}","{""cricket bat"":""cricket_bat""}"
179.png,1397194,"{""crickt bat"":""""}",1,0,"{""name"":""polyline"",""all_points_x"":[597,627,668,714,720,718,669,653,627,599,597],""all_points_y"":[464,454,434,419,433,437,451,452,457,467,464]}","{""cricket bat"":""cricket_bat""}"
180.png,1434360,"{""crickt bat"":""""}",1,0,"{""name"":""polyline"",""all_points_x"":[585,610,668,714,705,629,610,587,587],""all_points_y"":[467,456,433,419,439,462,462,469,468]}","{""cricket bat"":""cricket_bat""}"
181.png,1464352,"{""crickt bat"":""""}",1,0,"{""name"":""polyline"",""all_points_x"":[573,640,704,705,701,675,649,621,575],""all_points_y"":[461,432,419,429,434,440,448,456,463]}","{""cricket bat"":""cricket_bat""}"
182.png,1484365,"{""crickt bat"":""""}",1,0,"{""name"":""polyline"",""all_points_x"":[566,611,686,690,690,690,651,612,566],""all_points_y"":[461,448,417,423,439,442,445,458,463]}","{""cricket bat"":""cricket_bat""}"
183.png,1591039,"{""crickt bat"":""""}",1,0,"{""name"":""polyline"",""all_points_x"":[555,582,621,681,688,681,680,683,659,624,606,582,561,557],""all_points_y"":[464,459,445,427,429,432,437,445,447,457,463,463,466,466]}","{""cricket bat"":""cricket_bat""}"
184.png,1608524,"{""crickt bat"":""""}",1,0,"{""name"":""polyline"",""all_points_x"":[562,619,674,684,683,676,678,679,663,606,589,566,565],""all_points_y"":[472,457,435,439,447,451,453,458,463,472,472,477,473]}","{""cricket bat"":""cricket_bat""}"
185.png,1630186,"{""crickt bat"":""""}",2,0,"{""name"":""polyline"",""all_points_x"":[557,651,690,688,678,649,616,594,558],""all_points_y"":[479,452,444,449,464,467,471,478,479]}","{""cricket bat"":""cricket_bat""}"
185.png,1630186,"{""crickt bat"":""""}",2,1,"{""name"":""polyline"",""all_points_x"":[1149,1146,1142,1147,1151,1156,1153,1151,1148],""all_points_y"":[225,241,257,276,289,259,246,233,226]}","{""cricket bat"":""cricket_bat""}"
186.png,1643807,"{""crickt bat"":""""}",2,0,"{""name"":""polyline"",""all_points_x"":[565,622,683,693,690,690,690,636,595,562],""all_points_y"":[478,457,442,439,452,456,458,467,477,478]}","{""cricket bat"":""cricket_bat""}"
186.png,1643807,"{""crickt bat"":""""}",2,1,"{""name"":""polyline"",""all_points_x"":[1148,1148,1144,1143,1151,1153,1157,1156,1151,1149,1148],""all_points_y"":[226,246,251,281,302,301,296,251,240,227,227]}","{""cricket bat"":""cricket_bat""}"
187.png,1654599,"{""crickt bat"":""""}",2,0,"{""name"":""polyline"",""all_points_x"":[575,631,710,700,617,575],""all_points_y"":[477,454,433,454,471,479]}","{""cricket bat"":""cricket_bat""}"
187.png,1654599,"{""crickt bat"":""""}",2,1,"{""name"":""polyline"",""all_points_x"":[1149,1148,1143,1151,1162,1158,1152,1151,1146],""all_points_y"":[221,247,265,301,300,251,240,226,221]}","{""cricket bat"":""cricket_bat""}"
188.png,1721592,"{""crickt bat"":""""}",2,0,"{""name"":""polyline"",""all_points_x"":[590,655,718,705,703,703,703,660,632,595,589],""all_points_y"":[472,447,434,444,445,456,459,458,467,476,472]}","{""cricket bat"":""cricket_bat""}"
188.png,1721592,"{""crickt bat"":""""}",2,1,"{""name"":""polyline"",""all_points_x"":[1147,1148,1143,1151,1167,1161,1155,1151,1144],""all_points_y"":[222,236,250,310,297,241,236,226,222]}","{""cricket bat"":""cricket_bat""}"
189.png,1745193,"{""crickt bat"":""""}",2,0,"{""name"":""polyline"",""all_points_x"":[601,670,724,710,708,665,643,602],""all_points_y"":[477,449,443,447,462,464,471,479]}","{""cricket bat"":""cricket_bat""}"
189.png,1745193,"{""crickt bat"":""""}",2,1,"{""name"":""polyline"",""all_points_x"":[1142,1143,1141,1149,1167,1156,1149,1147,1139],""all_points_y"":[225,236,246,307,296,246,236,227,226]}","{""cricket bat"":""cricket_bat""}"
190.png,1759405,"{""crickt bat"":""""}",2,0,"{""name"":""polyline"",""all_points_x"":[609,673,724,713,709,669,609,607],""all_points_y"":[481,458,451,468,469,468,486,483]}","{""cricket bat"":""cricket_bat""}"
190.png,1759405,"{""crickt bat"":""""}",2,1,"{""name"":""polyline"",""all_points_x"":[1139,1141,1134,1143,1163,1149,1146,1141,1136],""all_points_y"":[226,247,257,306,304,248,241,222,222]}","{""cricket bat"":""cricket_bat""}"
191.png,1769461,"{""crickt bat"":""""}",2,0,"{""name"":""polyline"",""all_points_x"":[607,668,718,719,717,665,607,607],""all_points_y"":[488,466,457,472,477,477,492,487]}","{""cricket bat"":""cricket_bat""}"
191.png,1769461,"{""crickt bat"":""""}",2,1,"{""name"":""polyline"",""all_points_x"":[1129,1131,1123,1126,1137,1142,1136,1134,1128],""all_points_y"":[225,237,243,302,305,243,238,220,222]}","{""cricket bat"":""cricket_bat""}"
192.png,1618190,"{""crickt bat"":""""}",2,0,"{""name"":""polyline"",""all_points_x"":[611,660,699,724,730,732,728,715,656,610,609],""all_points_y"":[486,469,456,452,452,458,463,471,482,493,482]}","{""cricket bat"":""cricket_bat""}"
192.png,1618190,"{""crickt bat"":""""}",2,1,"{""name"":""polyline"",""all_points_x"":[1121,1122,1114,1114,1127,1131,1131,1127,1127,1118],""all_points_y"":[222,236,252,307,310,305,242,236,223,222]}","{""cricket bat"":""cricket_bat""}"
193.png,1642772,"{""crickt bat"":""""}",2,0,"{""name"":""polyline"",""all_points_x"":[607,693,734,722,664,634,610,607],""all_points_y"":[487,453,448,469,477,481,493,488]}","{""cricket bat"":""cricket_bat""}"
193.png,1642772,"{""crickt bat"":""""}",2,1,"{""name"":""polyline"",""all_points_x"":[1116,1108,1103,1101,1113,1121,1117,1118,1114],""all_points_y"":[218,237,242,284,285,233,235,221,221]}","{""cricket bat"":""cricket_bat""}"
194.png,1653724,"{""crickt bat"":""""}",2,0,"{""name"":""polyline"",""all_points_x"":[602,664,728,737,723,727,725,671,604],""all_points_y"":[488,467,448,448,459,467,471,473,488]}","{""cricket bat"":""cricket_bat""}"
194.png,1653724,"{""crickt bat"":""""}",2,1,"{""name"":""polyline"",""all_points_x"":[1109,1108,1102,1096,1108,1114,1111,1114,1106],""all_points_y"":[220,233,236,262,264,242,236,221,221]}","{""cricket bat"":""cricket_bat""}"
195.png,1670929,"{""crickt bat"":""""}",2,0,"{""name"":""polyline"",""all_points_x"":[609,659,733,733,675,663,636,625,612,607],""all_points_y"":[486,468,447,464,478,481,488,487,494,487]}","{""cricket bat"":""cricket_bat""}"
195.png,1670929,"{""crickt bat"":""""}",2,1,"{""name"":""polyline"",""all_points_x"":[1099,1092,1085,1087,1102,1098,1098],""all_points_y"":[213,231,245,260,236,233,217]}","{""cricket bat"":""cricket_bat""}"
196.png,1693025,"{""crickt bat"":""""}",2,0,"{""name"":""polyline"",""all_points_x"":[619,688,742,737,680,658,621,619],""all_points_y"":[496,466,457,474,484,492,502,497]}","{""cricket bat"":""cricket_bat""}"
196.png,1693025,"{""crickt bat"":""""}",2,1,"{""name"":""polyline"",""all_points_x"":[1064,1058,1060,1060,1052,1052,1052,1063,1064],""all_points_y"":[261,285,300,311,312,287,275,257,261]}","{""cricket bat"":""cricket_bat""}"
197.png,1696631,"{""crickt bat"":""""}",2,0,"{""name"":""polyline"",""all_points_x"":[627,695,701,753,750,699,679,645,627,625],""all_points_y"":[501,476,467,459,478,487,491,496,503,503]}","{""cricket bat"":""cricket_bat""}"
197.png,1696631,"{""crickt bat"":""""}",2,1,"{""name"":""polyline"",""all_points_x"":[1054,1043,1035,1042,1049,1063,1054],""all_points_y"":[247,269,301,297,266,248,245]}","{""cricket bat"":""cricket_bat""}"
198.png,1710150,"{""crickt bat"":""""}",2,0,"{""name"":""polyline"",""all_points_x"":[637,696,723,759,758,705,670,637,636],""all_points_y"":[503,482,468,466,478,491,497,506,503]}","{""cricket bat"":""cricket_bat""}"
198.png,1710150,"{""crickt bat"":""""}",2,1,"{""name"":""polyline"",""all_points_x"":[1057,1042,1029,1027,1032,1039,1043,1049,1060,1057],""all_points_y"":[251,265,294,294,272,255,243,233,248,250]}","{""cricket bat"":""cricket_bat""}"
199.png,1713421,"{""crickt bat"":""""}",1,0,"{""name"":""polyline"",""all_points_x"":[655,708,749,768,762,699,656,654],""all_points_y"":[498,477,463,462,474,493,501,499]}","{""cricket bat"":""cricket_bat""}"
200.png,1726049,"{""crickt bat"":""""}",1,0,"{""name"":""polyline"",""all_points_x"":[674,739,769,768,754,698,678,670],""all_points_y"":[498,469,461,471,478,498,499,499]}","{""cricket bat"":""cricket_bat""}"
201.png,1731340,"{""crickt bat"":""""}",1,0,"{""name"":""polyline"",""all_points_x"":[690,743,764,768,742,717,699,689,688],""all_points_y"":[496,471,466,481,482,497,502,504,493]}","{""cricket bat"":""cricket_bat""}"
202.png,1736844,"{""crickt bat"":""""}",2,0,"{""name"":""polyline"",""all_points_x"":[719,757,779,783,774,745,724,720,718,720],""all_points_y"":[492,473,463,468,474,489,496,496,494,491]}","{""cricket bat"":""cricket_bat""}"
202.png,1736844,"{""crickt bat"":""""}",2,1,"{""name"":""polyline"",""all_points_x"":[1005,998,1000,1000,1008,1008,1006],""all_points_y"":[261,289,292,296,282,276,264]}","{""cricket bat"":""cricket_bat""}"
203.png,1739878,"{""crickt bat"":""""}",1,0,"{""name"":""polyline"",""all_points_x"":[742,769,784,792,792,767,758,747,742],""all_points_y"":[489,469,466,467,473,482,488,498,492]}","{""cricket bat"":""cricket_bat""}"
204.png,1737922,"{""crickt bat"":""""}",2,0,"{""name"":""polyline"",""all_points_x"":[748,764,779,793,798,801,794,768,758,754,747],""all_points_y"":[498,488,479,472,472,476,483,498,502,504,498]}","{""cricket bat"":""cricket_bat""}"
204.png,1737922,"{""crickt bat"":""""}",2,1,"{""name"":""polyline"",""all_points_x"":[1027,1023,1015,1019,1021,1033,1025],""all_points_y"":[188,211,228,232,221,191,191]}","{""cricket bat"":""cricket_bat""}"
205.png,1745375,"{""crickt bat"":""""}",2,0,"{""name"":""polyline"",""all_points_x"":[753,784,809,816,797,786,763,759,749],""all_points_y"":[504,483,471,477,486,496,506,509,503]}","{""cricket bat"":""cricket_bat""}"
205.png,1745375,"{""crickt bat"":""""}",2,1,"{""name"":""polyline"",""all_points_x"":[1020,1013,1010,1013,1025,1024,1020],""all_points_y"":[197,225,232,241,205,200,200]}","{""cricket bat"":""cricket_bat""}"
206.png,1742334,"{""crickt bat"":""""}",2,0,"{""name"":""polyline"",""all_points_x"":[758,789,814,828,831,827,814,802,787,779,767,760,757],""all_points_y"":[504,487,474,471,476,481,486,491,499,503,504,507,506]}","{""cricket bat"":""cricket_bat""}"
206.png,1742334,"{""crickt bat"":""""}",2,1,"{""name"":""polyline"",""all_points_x"":[1010,1006,1006,1000,1004,1006,1011,1013,1013,1015,1010],""all_points_y"":[201,218,231,243,247,248,230,221,211,200,197]}","{""cricket bat"":""cricket_bat""}"
207.png,1714241,"{""crickt bat"":""""}",2,0,"{""name"":""polyline"",""all_points_x"":[759,791,836,840,836,814,798,762,758],""all_points_y"":[502,481,466,474,478,482,489,504,504]}","{""cricket bat"":""cricket_bat""}"
207.png,1714241,"{""crickt bat"":""""}",2,1,"{""name"":""polyline"",""all_points_x"":[1003,1001,1001,998,1005,1009,1009,1010,1010,1011,1003,1003],""all_points_y"":[201,222,233,246,255,241,232,210,200,188,192,207]}","{""cricket bat"":""cricket_bat""}"
208.png,1708419,"{""crickt bat"":""""}",2,0,"{""name"":""polyline"",""all_points_x"":[762,813,838,853,856,843,801,793,777,758,762],""all_points_y"":[494,488,483,482,489,496,496,497,498,497,492]}","{""cricket bat"":""cricket_bat""}"
208.png,1708419,"{""crickt bat"":""""}",2,1,"{""name"":""polyline"",""all_points_x"":[985,988,989,989,994,996,995,993,991,990,984,988,986],""all_points_y"":[195,217,238,257,261,257,243,200,193,187,187,196,198]}","{""cricket bat"":""cricket_bat""}"
209.png,1714382,"{""crickt bat"":""""}",2,0,"{""name"":""polyline"",""all_points_x"":[764,801,842,856,860,848,802,768,763],""all_points_y"":[492,493,492,498,506,507,501,498,492]}","{""cricket bat"":""cricket_bat""}"
209.png,1714382,"{""crickt bat"":""""}",2,1,"{""name"":""polyline"",""all_points_x"":[976,980,985,995,1005,1000,993,981,974],""all_points_y"":[206,251,280,299,296,286,276,198,201]}","{""cricket bat"":""cricket_bat""}"
210.png,1721074,"{""crickt bat"":""""}",2,0,"{""name"":""polyline"",""all_points_x"":[779,804,822,845,851,858,850,789,778,776],""all_points_y"":[493,499,503,507,507,515,520,503,501,493]}","{""cricket bat"":""cricket_bat""}"
210.png,1721074,"{""crickt bat"":""""}",2,1,"{""name"":""polyline"",""all_points_x"":[970,974,981,984,989,996,993,986,984,980,976,976,969],""all_points_y"":[207,226,275,287,295,294,280,252,236,222,213,200,207]}","{""cricket bat"":""cricket_bat""}"
211.png,1722885,"{""crickt bat"":""""}",1,0,"{""name"":""polyline"",""all_points_x"":[783,814,861,868,868,862,840,829,816,807,786,783],""all_points_y"":[492,501,515,520,522,523,513,511,508,506,498,492]}","{""cricket bat"":""cricket_bat""}"
213.png,1697118,"{""crickt bat"":""""}",1,0,"{""name"":""polyline"",""all_points_x"":[917,916,926,932,932,927,916],""all_points_y"":[236,290,290,252,251,233,233]}","{""cricket bat"":""cricket_bat""}"
214.png,1696430,"{""crickt bat"":""""}",1,0,"{""name"":""polyline"",""all_points_x"":[929,920,921,919,910,910,925,929],""all_points_y"":[247,271,286,294,295,275,242,246]}","{""cricket bat"":""cricket_bat""}"
215.png,1027763,"{""crickt bat"":""""}",1,0,"{""name"":""polyline"",""all_points_x"":[917,931,964,956,949,924,920],""all_points_y"":[648,629,653,755,774,658,653]}","{""cricket bat"":""cricket_bat""}"
216.png,1021828,"{""crickt bat"":""""}",1,0,"{""name"":""polyline"",""all_points_x"":[921,907,929,946,954,957,959,961,917],""all_points_y"":[630,651,696,783,735,704,665,655,626]}","{""cricket bat"":""cricket_bat""}"
217.png,1020571,"{""crickt bat"":""""}",1,0,"{""name"":""polyline"",""all_points_x"":[916,905,927,939,944,950,961,960,915],""all_points_y"":[640,661,735,792,783,757,714,661,639]}","{""cricket bat"":""cricket_bat""}"
218.png,1025081,"{""crickt bat"":""""}",1,0,"{""name"":""polyline"",""all_points_x"":[905,891,895,925,941,942,940,944,959,901],""all_points_y"":[651,669,683,774,848,836,803,767,680,650]}","{""cricket bat"":""cricket_bat""}"
219.png,992897,"{""crickt bat"":""""}",1,0,"{""name"":""polyline"",""all_points_x"":[899,886,897,920,940,937,945,957,899],""all_points_y"":[659,673,709,784,850,812,778,685,655]}","{""cricket bat"":""cricket_bat""}"
220.png,1175622,"{""crickt bat"":""""}",2,0,"{""name"":""polyline"",""all_points_x"":[959,945,950,961,970,959],""all_points_y"":[148,146,156,173,171,143]}","{""cricket bat"":""cricket_bat""}"
220.png,1175622,"{""crickt bat"":""""}",2,1,"{""name"":""polyline"",""all_points_x"":[1202,1196,1186,1163,1177,1185,1205,1203,1203,1202],""all_points_y"":[516,536,545,605,612,604,546,537,523,520]}","{""cricket bat"":""cricket_bat""}"
221.png,1267023,"{""crickt bat"":""""}",2,0,"{""name"":""polyline"",""all_points_x"":[963,944,945,954,969,961],""all_points_y"":[176,144,138,142,168,179]}","{""cricket bat"":""cricket_bat""}"
221.png,1267023,"{""crickt bat"":""""}",2,1,"{""name"":""polyline"",""all_points_x"":[1206,1202,1192,1170,1183,1210,1203,1212,1203],""all_points_y"":[528,540,546,611,621,546,543,527,521]}","{""cricket bat"":""cricket_bat""}"
222.png,1325081,"{""crickt bat"":""""}",2,0,"{""name"":""polyline"",""all_points_x"":[963,941,947,957,970,963],""all_points_y"":[173,142,137,141,171,179]}","{""cricket bat"":""cricket_bat""}"
222.png,1325081,"{""crickt bat"":""""}",2,1,"{""name"":""polyline"",""all_points_x"":[1211,1206,1197,1172,1187,1217,1212,1212,1210],""all_points_y"":[531,553,557,621,630,555,551,538,533]}","{""cricket bat"":""cricket_bat""}"
223.png,1362998,"{""crickt bat"":""""}",2,0,"{""name"":""polyline"",""all_points_x"":[963,941,942,955,964,970,965],""all_points_y"":[176,147,144,144,162,176,178]}","{""cricket bat"":""cricket_bat""}"
223.png,1362998,"{""crickt bat"":""""}",2,1,"{""name"":""polyline"",""all_points_x"":[1217,1211,1206,1177,1195,1220,1216,1222,1216],""all_points_y"":[542,557,560,637,637,565,561,542,538]}","{""cricket bat"":""cricket_bat""}"
224.png,1397965,"{""crickt bat"":""""}",2,0,"{""name"":""polyline"",""all_points_x"":[960,941,947,959,974,961,960],""all_points_y"":[179,147,143,151,178,186,177]}","{""cricket bat"":""cricket_bat""}"
224.png,1397965,"{""crickt bat"":""""}",2,1,"{""name"":""polyline"",""all_points_x"":[1224,1217,1206,1178,1200,1227,1222,1229,1224],""all_points_y"":[547,570,573,646,654,572,570,550,550]}","{""cricket bat"":""cricket_bat""}"
225.png,1389607,"{""crickt bat"":""""}",2,0,"{""name"":""polyline"",""all_points_x"":[963,941,941,957,964,971,964],""all_points_y"":[179,149,143,151,162,181,182]}","{""cricket bat"":""cricket_bat""}"
225.png,1389607,"{""crickt bat"":""""}",2,1,"{""name"":""polyline"",""all_points_x"":[1230,1222,1215,1187,1205,1231,1229,1236,1230],""all_points_y"":[560,581,586,654,663,585,580,567,558]}","{""cricket bat"":""cricket_bat""}"
226.png,1376476,"{""crickt bat"":""""}",2,0,"{""name"":""polyline"",""all_points_x"":[964,939,941,947,954,970,965],""all_points_y"":[179,142,137,137,142,174,182]}","{""cricket bat"":""cricket_bat""}"
226.png,1376476,"{""crickt bat"":""""}",2,1,"{""name"":""polyline"",""all_points_x"":[1235,1226,1221,1197,1206,1213,1239,1235,1237,1234],""all_points_y"":[566,586,587,666,674,656,587,587,573,570]}","{""cricket bat"":""cricket_bat""}"
227.png,1395206,"{""crickt bat"":""""}",2,0,"{""name"":""polyline"",""all_points_x"":[965,952,945,951,973,971,966],""all_points_y"":[172,139,123,125,159,166,172]}","{""cricket bat"":""cricket_bat""}"
227.png,1395206,"{""crickt bat"":""""}",2,1,"{""name"":""polyline"",""all_points_x"":[1239,1232,1221,1195,1212,1242,1240,1244,1237],""all_points_y"":[570,596,591,674,683,601,596,566,568]}","{""cricket bat"":""cricket_bat""}"
228.png,1401631,"{""crickt bat"":""""}",2,0,"{""name"":""polyline"",""all_points_x"":[961,945,954,960,965,968,959],""all_points_y"":[153,107,108,113,129,137,157]}","{""cricket bat"":""cricket_bat""}"
228.png,1401631,"{""crickt bat"":""""}",2,1,"{""name"":""polyline"",""all_points_x"":[1246,1235,1227,1202,1217,1241,1251,1244,1247,1247],""all_points_y"":[576,602,602,684,688,625,602,597,581,577]}","{""cricket bat"":""cricket_bat""}"
229.png,1436772,"{""crickt bat"":""""}",2,0,"{""name"":""polyline"",""all_points_x"":[956,946,952,951,960,963,957],""all_points_y"":[136,97,95,112,117,119,139]}","{""cricket bat"":""cricket_bat""}"
229.png,1436772,"{""crickt bat"":""""}",2,1,"{""name"":""polyline"",""all_points_x"":[1250,1241,1230,1207,1227,1254,1247,1252,1250],""all_points_y"":[586,607,607,690,696,611,609,591,582]}","{""cricket bat"":""cricket_bat""}"
230.png,1498190,"{""crickt bat"":""""}",2,0,"{""name"":""polyline"",""all_points_x"":[957,940,954,951,951,955,957,960,960,956],""all_points_y"":[143,99,93,104,114,115,118,125,142,143]}","{""cricket bat"":""cricket_bat""}"
230.png,1498190,"{""crickt bat"":""""}",2,1,"{""name"":""polyline"",""all_points_x"":[1256,1246,1235,1217,1236,1260,1254,1262,1256],""all_points_y"":[592,619,621,705,718,631,620,595,592]}","{""cricket bat"":""cricket_bat""}"
231.png,1585993,"{""crickt bat"":""""}",2,0,"{""name"":""polyline"",""all_points_x"":[959,937,949,950,954,957,956,961,957,957],""all_points_y"":[153,104,102,109,118,125,134,156,156,149]}","{""cricket bat"":""cricket_bat""}"
231.png,1585993,"{""crickt bat"":""""}",2,1,"{""name"":""polyline"",""all_points_x"":[1260,1254,1245,1221,1239,1265,1260,1265,1260],""all_points_y"":[601,629,630,720,725,641,631,607,601]}","{""cricket bat"":""cricket_bat""}"
232.png,1605946,"{""crickt bat"":""""}",2,0,"{""name"":""polyline"",""all_points_x"":[955,930,946,959,966,955,955],""all_points_y"":[158,107,105,141,158,163,158]}","{""cricket bat"":""cricket_bat""}"
232.png,1605946,"{""crickt bat"":""""}",2,1,"{""name"":""polyline"",""all_points_x"":[1262,1255,1250,1227,1245,1271,1264,1269,1262],""all_points_y"":[611,636,639,727,740,645,637,617,611]}","{""cricket bat"":""cricket_bat""}"
233.png,1622962,"{""crickt bat"":""""}",2,0,"{""name"":""polyline"",""all_points_x"":[925,945,957,965,965,968,955,942,924],""all_points_y"":[112,152,158,173,168,157,133,114,113]}","{""cricket bat"":""cricket_bat""}"
233.png,1622962,"{""crickt bat"":""""}",2,1,"{""name"":""polyline"",""all_points_x"":[1264,1264,1252,1237,1255,1261,1274,1270,1270,1265],""all_points_y"":[617,648,653,742,752,729,655,651,619,616]}","{""cricket bat"":""cricket_bat""}"
234.png,1628707,"{""crickt bat"":""""}",2,0,"{""name"":""polyline"",""all_points_x"":[950,919,932,957,961,961,949],""all_points_y"":[182,118,124,163,176,184,183]}","{""cricket bat"":""cricket_bat""}"
234.png,1628707,"{""crickt bat"":""""}",2,1,"{""name"":""polyline"",""all_points_x"":[1265,1252,1247,1264,1271,1275,1271,1272,1266,1265],""all_points_y"":[666,669,762,768,757,668,665,639,634,668]}","{""cricket bat"":""cricket_bat""}"
235.png,1601117,"{""crickt bat"":""""}",2,0,"{""name"":""polyline"",""all_points_x"":[949,917,901,929,959,947],""all_points_y"":[210,168,156,156,203,216]}","{""cricket bat"":""cricket_bat""}"
235.png,1601117,"{""crickt bat"":""""}",2,1,"{""name"":""polyline"",""all_points_x"":[1269,1269,1257,1256,1277,1281,1274,1274,1267],""all_points_y"":[659,690,693,788,802,696,691,666,659]}","{""cricket bat"":""cricket_bat""}"
236.png,1619662,"{""crickt bat"":""""}",2,0,"{""name"":""polyline"",""all_points_x"":[946,905,896,902,919,946,951,955,947],""all_points_y"":[226,189,184,181,177,208,217,222,228]}","{""cricket bat"":""cricket_bat""}"
236.png,1619662,"{""crickt bat"":""""}",2,1,"{""name"":""polyline"",""all_points_x"":[1274,1274,1269,1269,1288,1286,1280,1283,1274],""all_points_y"":[694,725,737,829,833,737,724,696,693]}","{""cricket bat"":""cricket_bat""}"
237.png,1612076,"{""crickt bat"":""""}",2,0,"{""name"":""polyline"",""all_points_x"":[878,929,955,961,963,949,893,875],""all_points_y"":[174,240,264,260,260,241,172,174]}","{""cricket bat"":""cricket_bat""}"
237.png,1612076,"{""crickt bat"":""""}",2,1,"{""name"":""polyline"",""all_points_x"":[1285,1285,1281,1279,1298,1295,1291,1291,1286],""all_points_y"":[734,778,789,873,875,782,774,740,734]}","{""cricket bat"":""cricket_bat""}"
238.png,1530241,"{""crickt bat"":""""}",2,0,"{""name"":""polyline"",""all_points_x"":[858,919,926,937,952,932,934,881,857],""all_points_y"":[179,252,259,280,280,256,247,177,178]}","{""cricket bat"":""cricket_bat""}"
238.png,1530241,"{""crickt bat"":""""}",2,1,"{""name"":""polyline"",""all_points_x"":[1295,1296,1291,1296,1314,1314,1314,1310,1306,1305,1295],""all_points_y"":[801,841,857,873,872,853,842,831,821,811,798]}","{""cricket bat"":""cricket_bat""}"
239.png,1448611,"{""crickt bat"":""""}",1,0,"{""name"":""polyline"",""all_points_x"":[862,902,925,930,942,881,858,857,882],""all_points_y"":[246,287,312,320,297,245,236,242,261]}","{""cricket bat"":""cricket_bat""}"
240.png,1354648,"{""crickt bat"":""""}",1,0,"{""name"":""polyline"",""all_points_x"":[950,939,917,902,925,952,963,954,949],""all_points_y"":[368,384,392,432,433,394,383,366,366]}","{""cricket bat"":""cricket_bat""}"
241.png,1282412,"{""crickt bat"":""""}",1,0,"{""name"":""polyline"",""all_points_x"":[965,965,959,963,998,986,979,976,964],""all_points_y"":[390,400,400,542,537,395,394,392,390]}","{""cricket bat"":""cricket_bat""}"
242.png,1246538,"{""crickt bat"":""""}",1,0,"{""name"":""polyline"",""all_points_x"":[850,875,975,976,981,993,988,975,971,954,850],""all_points_y"":[467,493,398,383,365,364,355,361,370,371,466]}","{""cricket bat"":""cricket_bat""}"
243.png,1286628,"{""crickt bat"":""""}",1,0,"{""name"":""polyline"",""all_points_x"":[841,826,961,963,966,975,970,971,840],""all_points_y"":[315,354,399,395,394,384,378,369,314]}","{""cricket bat"":""cricket_bat""}"
245.png,1526211,"{""crickt bat"":""""}",0,0,"{}","{}"
246.png,1610420,"{""crickt bat"":""""}",2,0,"{""name"":""polyline"",""all_points_x"":[886,880,888,895,896,886],""all_points_y"":[577,546,545,565,573,579]}","{""cricket bat"":""cricket_bat""}"
246.png,1610420,"{""crickt bat"":""""}",2,1,"{""name"":""polyline"",""all_points_x"":[973,959,954,950,966,969,974],""all_points_y"":[791,802,806,814,816,802,791]}","{""cricket bat"":""cricket_bat""}"
247.png,1648858,"{""crickt bat"":""""}",2,0,"{""name"":""polyline"",""all_points_x"":[868,870,876,875,870],""all_points_y"":[572,542,545,575,575]}","{""cricket bat"":""cricket_bat""}"
247.png,1648858,"{""crickt bat"":""""}",2,1,"{""name"":""polyline"",""all_points_x"":[950,937,931,921,935,944,941,952,950],""all_points_y"":[776,789,789,813,816,798,793,778,776]}","{""cricket bat"":""cricket_bat""}"
248.png,1673185,"{""crickt bat"":""""}",1,0,"{""name"":""polyline"",""all_points_x"":[921,921,915,905,892,902,914,914,924,920],""all_points_y"":[768,767,778,781,808,811,791,781,771,765]}","{""cricket bat"":""cricket_bat""}"
249.png,1685524,"{""crickt bat"":""""}",1,0,"{""name"":""polyline"",""all_points_x"":[890,886,880,865,873,887,893,888],""all_points_y"":[753,765,768,801,802,772,757,755]}","{""cricket bat"":""cricket_bat""}"
250.png,1686089,"{""crickt bat"":""""}",1,0,"{""name"":""polyline"",""all_points_x"":[861,832,838,866,863,858],""all_points_y"":[744,788,792,754,748,745]}","{""cricket bat"":""cricket_bat""}"
251.png,1684130,"{""crickt bat"":""""}",1,0,"{""name"":""polyline"",""all_points_x"":[832,821,807,816,829,838,838,831],""all_points_y"":[735,757,772,778,760,749,739,735]}","{""cricket bat"":""cricket_bat""}"
252.png,1661462,"{""crickt bat"":""""}",1,0,"{""name"":""polyline"",""all_points_x"":[804,789,801,811,804],""all_points_y"":[728,753,760,733,730]}","{""cricket bat"":""cricket_bat""}"
253.png,1669163,"{""crickt bat"":""""}",1,0,"{""name"":""polyline"",""all_points_x"":[774,763,771,779,774],""all_points_y"":[719,752,754,723,718]}","{""cricket bat"":""cricket_bat""}"
254.png,1743384,"{""crickt bat"":""""}",1,0,"{""name"":""polyline"",""all_points_x"":[739,727,737,748,740],""all_points_y"":[714,743,742,714,713]}","{""cricket bat"":""cricket_bat""}"
255.png,1800618,"{""crickt bat"":""""}",1,0,"{""name"":""polyline"",""all_points_x"":[719,714,722,725,719],""all_points_y"":[709,730,727,707,707]}","{""cricket bat"":""cricket_bat""}"
256.png,1817040,"{""crickt bat"":""""}",1,0,"{""name"":""polyline"",""all_points_x"":[617,634,627,617,619],""all_points_y"":[577,606,607,579,577]}","{""cricket bat"":""cricket_bat""}"
257.png,1815854,"{""crickt bat"":""""}",1,0,"{""name"":""polyline"",""all_points_x"":[597,612,610,595,597],""all_points_y"":[571,602,605,575,572]}","{""cricket bat"":""cricket_bat""}"
258.png,1819021,"{""crickt bat"":""""}",1,0,"{""name"":""polyline"",""all_points_x"":[703,733,730,699,701],""all_points_y"":[681,695,700,686,684]}","{""cricket bat"":""cricket_bat""}"
259.png,1794179,"{""crickt bat"":""""}",1,0,"{""name"":""polyline"",""all_points_x"":[701,722,739,739,734,720,714,703,701],""all_points_y"":[676,684,694,703,699,693,686,683,678]}","{""cricket bat"":""cricket_bat""}"
260.png,1769319,"{""crickt bat"":""""}",1,0,"{""name"":""polyline"",""all_points_x"":[705,743,735,700,704],""all_points_y"":[675,698,704,678,675]}","{""cricket bat"":""cricket_bat""}"
261.png,1771218,"{""crickt bat"":""""}",1,0,"{""name"":""polyline"",""all_points_x"":[705,737,732,714,701,703],""all_points_y"":[670,691,696,680,670,670]}","{""cricket bat"":""cricket_bat""}"
262.png,1794318,"{""crickt bat"":""""}",1,0,"{""name"":""polyline"",""all_points_x"":[718,732,723,715,718],""all_points_y"":[668,683,686,673,669]}","{""cricket bat"":""cricket_bat""}"
263.png,1804828,"{""crickt bat"":""""}",1,0,"{""name"":""polyline"",""all_points_x"":[717,728,724,714,715],""all_points_y"":[673,681,683,671,671]}","{""cricket bat"":""cricket_bat""}"
264.png,1807489,"{""crickt bat"":""""}",1,0,"{""name"":""polyline"",""all_points_x"":[712,723,723,719,712,714],""all_points_y"":[675,681,684,684,679,678]}","{""cricket bat"":""cricket_bat""}"
265.png,1813905,"{""crickt bat"":""""}",1,0,"{""name"":""polyline"",""all_points_x"":[709,723,719,708,709],""all_points_y"":[683,690,696,684,683]}","{""cricket bat"":""cricket_bat""}"
267.png,1830412,"{""crickt bat"":""""}",1,0,"{""name"":""polyline"",""all_points_x"":[584,602,599,581,584],""all_points_y"":[568,591,596,572,570]}","{""cricket bat"":""cricket_bat""}"
268.png,1836051,"{""crickt bat"":""""}",1,0,"{""name"":""polyline"",""all_points_x"":[584,601,594,580,581],""all_points_y"":[572,592,595,573,571]}","{""cricket bat"":""cricket_bat""}"
269.png,1673927,"{""crickt bat"":""""}",2,0,"{""name"":""polyline"",""all_points_x"":[586,601,595,586,586],""all_points_y"":[573,591,594,580,576]}","{""cricket bat"":""cricket_bat""}"
269.png,1673927,"{""crickt bat"":""""}",2,1,"{""name"":""polyline"",""all_points_x"":[684,674,673,678,681,683,685,685,683],""all_points_y"":[699,719,725,727,718,712,704,701,699]}","{""cricket bat"":""cricket_bat""}"
270.png,1728606,"{""crickt bat"":""""}",2,0,"{""name"":""polyline"",""all_points_x"":[582,599,596,581,584],""all_points_y"":[571,592,596,572,568]}","{""cricket bat"":""cricket_bat""}"
270.png,1728606,"{""crickt bat"":""""}",2,1,"{""name"":""polyline"",""all_points_x"":[679,665,668,671,684,681],""all_points_y"":[705,738,742,742,709,708]}","{""cricket bat"":""cricket_bat""}"
271.png,1760322,"{""crickt bat"":""""}",2,0,"{""name"":""polyline"",""all_points_x"":[586,600,595,586],""all_points_y"":[572,594,599,573]}","{""cricket bat"":""cricket_bat""}"
271.png,1760322,"{""crickt bat"":""""}",2,1,"{""name"":""polyline"",""all_points_x"":[676,665,671,679,676],""all_points_y"":[704,745,745,707,707]}","{""cricket bat"":""cricket_bat""}"
272.png,1784918,"{""crickt bat"":""""}",2,0,"{""name"":""polyline"",""all_points_x"":[591,606,599,591],""all_points_y"":[577,592,599,580]}","{""cricket bat"":""cricket_bat""}"
272.png,1784918,"{""crickt bat"":""""}",2,1,"{""name"":""polyline"",""all_points_x"":[674,664,671,680,675,674],""all_points_y"":[708,744,747,708,704,709]}","{""cricket bat"":""cricket_bat""}"
273.png,1795695,"{""crickt bat"":""""}",2,0,"{""name"":""polyline"",""all_points_x"":[594,606,601,594,594],""all_points_y"":[576,592,597,586,579]}","{""cricket bat"":""cricket_bat""}"
273.png,1795695,"{""crickt bat"":""""}",2,1,"{""name"":""polyline"",""all_points_x"":[674,664,669,679,678,674],""all_points_y"":[703,747,748,712,703,703]}","{""cricket bat"":""cricket_bat""}"
274.png,1802664,"{""crickt bat"":""""}",2,0,"{""name"":""polyline"",""all_points_x"":[594,605,602,592,596],""all_points_y"":[580,594,600,585,582]}","{""cricket bat"":""cricket_bat""}"
274.png,1802664,"{""crickt bat"":""""}",2,1,"{""name"":""polyline"",""all_points_x"":[670,664,671,673,670],""all_points_y"":[713,755,748,713,714]}","{""cricket bat"":""cricket_bat""}"
275.png,1816069,"{""crickt bat"":""""}",1,0,"{""name"":""polyline"",""all_points_x"":[666,666,669,673,669,666],""all_points_y"":[712,752,750,724,714,713]}","{""cricket bat"":""cricket_bat""}"
276.png,1827064,"{""crickt bat"":""""}",2,0,"{""name"":""polyline"",""all_points_x"":[665,664,670,673,669,663],""all_points_y"":[715,757,754,723,717,715]}","{""cricket bat"":""cricket_bat""}"
276.png,1827064,"{""crickt bat"":""""}",2,1,"{""name"":""polyline"",""all_points_x"":[590,595,596,605,600,592,589],""all_points_y"":[573,570,587,601,601,587,571]}","{""cricket bat"":""cricket_bat""}"
277.png,1833859,"{""crickt bat"":""""}",2,0,"{""name"":""polyline"",""all_points_x"":[666,665,673,668,664],""all_points_y"":[714,735,737,713,715]}","{""cricket bat"":""cricket_bat""}"
277.png,1833859,"{""crickt bat"":""""}",2,1,"{""name"":""polyline"",""all_points_x"":[592,591,602,599,599,599,592],""all_points_y"":[571,605,600,596,579,571,573]}","{""cricket bat"":""cricket_bat""}"
278.png,1707178,"{""crickt bat"":""""}",1,0,"{""name"":""polyline"",""all_points_x"":[1143,1191,1261,1311,1220,1211,1163,1142],""all_points_y"":[565,668,816,814,654,655,570,567]}","{""cricket bat"":""cricket_bat""}"
279.png,1725581,"{""crickt bat"":""""}",1,0,"{""name"":""polyline"",""all_points_x"":[1113,1177,1175,1281,1283,1347,1205,1191,1132,1118,1112],""all_points_y"":[572,654,664,809,814,814,643,639,566,562,573]}","{""cricket bat"":""cricket_bat""}"
280.png,1744566,"{""crickt bat"":""""}",1,0,"{""name"":""polyline"",""all_points_x"":[1092,1157,1149,1270,1343,1187,1173,1096,1092,1094,1091],""all_points_y"":[562,646,653,816,816,624,627,540,548,557,561]}","{""cricket bat"":""cricket_bat""}"
281.png,1680406,"{""crickt bat"":""""}",1,0,"{""name"":""polyline"",""all_points_x"":[1084,1126,1121,1221,1289,1165,1146,1098,1084,1083,1088],""all_points_y"":[546,631,650,811,812,624,625,545,526,542,560]}","{""cricket bat"":""cricket_bat""}"
282.png,1693157,"{""crickt bat"":""""}",1,0,"{""name"":""polyline"",""all_points_x"":[1058,1094,1084,1160,1220,1132,1117,1077,1072,1054],""all_points_y"":[540,629,654,816,813,626,625,543,531,542]}","{""cricket bat"":""cricket_bat""}"
283.png,1702645,"{""crickt bat"":""""}",1,0,"{""name"":""polyline"",""all_points_x"":[1033,1057,1045,1092,1152,1093,1080,1070,1048,1030],""all_points_y"":[541,635,643,816,814,630,630,611,532,540]}","{""cricket bat"":""cricket_bat""}"
284.png,1707896,"{""crickt bat"":""""}",1,0,"{""name"":""polyline"",""all_points_x"":[1000,1016,1006,1032,1085,1050,1035,1011,1003],""all_points_y"":[540,648,651,816,814,639,635,537,540]}","{""cricket bat"":""cricket_bat""}"
285.png,1712592,"{""crickt bat"":""""}",1,0,"{""name"":""polyline"",""all_points_x"":[973,975,961,969,1019,1013,991,986,970],""all_points_y"":[551,651,665,816,814,656,649,558,550]}","{""cricket bat"":""cricket_bat""}"
286.png,1704931,"{""crickt bat"":""""}",1,0,"{""name"":""polyline"",""all_points_x"":[925,916,904,895,946,955,944,945,926],""all_points_y"":[643,675,681,872,872,683,668,631,644]}","{""cricket bat"":""cricket_bat""}"
287.png,1706421,"{""crickt bat"":""""}",1,0,"{""name"":""polyline"",""all_points_x"":[902,893,885,891,936,936,929,919,902],""all_points_y"":[645,670,728,870,871,673,671,650,645]}","{""cricket bat"":""cricket_bat""}"
288.png,1704003,"{""crickt bat"":""""}",1,0,"{""name"":""polyline"",""all_points_x"":[905,904,915,926,936,886,875,876,876,885,893,892,892,904],""all_points_y"":[625,661,668,759,873,872,806,755,727,704,705,658,625,624]}","{""cricket bat"":""cricket_bat""}"
289.png,1694694,"{""crickt bat"":""""}",1,0,"{""name"":""polyline"",""all_points_x"":[900,906,924,876,875,867,873,873,886,892,900,902],""all_points_y"":[656,719,873,872,803,764,728,717,704,689,653,654]}","{""cricket bat"":""cricket_bat""}"
290.png,1697285,"{""crickt bat"":""""}",1,0,"{""name"":""polyline"",""all_points_x"":[895,900,910,909,920,880,873,876,880,875,890,890,890,897],""all_points_y"":[705,754,759,818,875,873,845,799,789,774,768,719,714,708]}","{""cricket bat"":""cricket_bat""}"
291.png,1705248,"{""crickt bat"":""""}",1,0,"{""name"":""polyline"",""all_points_x"":[886,899,900,910,882,875,881,886,888,882,887],""all_points_y"":[727,754,813,872,875,858,802,799,776,776,727]}","{""cricket bat"":""cricket_bat""}"
292.png,1442889,"{""crickt bat"":""""}",1,0,"{""name"":""polyline"",""all_points_x"":[1075,1094,1099,1078,1074],""all_points_y"":[599,590,597,601,601]}","{""cricket bat"":""cricket_bat""}"
293.png,1436751,"{""crickt bat"":""""}",1,0,"{""name"":""polyline"",""all_points_x"":[1078,1097,1102,1085,1078],""all_points_y"":[604,592,597,605,605]}","{""cricket bat"":""cricket_bat""}"
294.png,1319754,"{""crickt bat"":""""}",1,0,"{""name"":""polyline"",""all_points_x"":[1080,1101,1109,1106,1084,1082],""all_points_y"":[601,596,599,605,607,601]}","{""cricket bat"":""cricket_bat""}"
295.png,1388120,"{""crickt bat"":""""}",2,0,"{""name"":""polyline"",""all_points_x"":[1252,1241,1231,1211,1224,1252,1250,1256,1252],""all_points_y"":[548,581,591,656,659,581,579,557,551]}","{""cricket bat"":""cricket_bat""}"
295.png,1388120,"{""crickt bat"":""""}",2,1,"{""name"":""polyline"",""all_points_x"":[936,936,955,965,969,954,934],""all_points_y"":[136,134,164,184,179,141,132]}","{""cricket bat"":""cricket_bat""}"
297.png,1514002,"{""crickt bat"":""""}",2,0,"{""name"":""polyline"",""all_points_x"":[934,960,964,952,934],""all_points_y"":[124,167,164,134,123]}","{""cricket bat"":""cricket_bat""}"
297.png,1514002,"{""crickt bat"":""""}",2,1,"{""name"":""polyline"",""all_points_x"":[1259,1234,1229,1241,1249,1260,1265,1259],""all_points_y"":[555,630,673,678,624,579,563,557]}","{""cricket bat"":""cricket_bat""}"
298.png,1562222,"{""crickt bat"":""""}",2,0,"{""name"":""polyline"",""all_points_x"":[931,951,959,964,954,941,931],""all_points_y"":[109,148,166,157,123,110,107]}","{""cricket bat"":""cricket_bat""}"
298.png,1562222,"{""crickt bat"":""""}",2,1,"{""name"":""polyline"",""all_points_x"":[1269,1245,1234,1240,1245,1249,1264,1272,1269],""all_points_y"":[561,625,655,684,684,653,602,567,557]}","{""cricket bat"":""cricket_bat""}"
299.png,1591506,"{""crickt bat"":""""}",2,0,"{""name"":""polyline"",""all_points_x"":[952,931,939,946,959,963,954],""all_points_y"":[143,93,88,92,118,144,146]}","{""cricket bat"":""cricket_bat""}"
299.png,1591506,"{""crickt bat"":""""}",2,1,"{""name"":""polyline"",""all_points_x"":[1276,1262,1247,1245,1247,1252,1262,1272,1281,1277,1275],""all_points_y"":[570,624,654,676,693,690,648,609,577,570,576]}","{""cricket bat"":""cricket_bat""}"
300.png,1614457,"{""crickt bat"":""""}",2,0,"{""name"":""polyline"",""all_points_x"":[931,950,951,966,963,960,951,946,945,926],""all_points_y"":[85,133,147,141,124,112,102,92,85,83]}","{""cricket bat"":""cricket_bat""}"
300.png,1614457,"{""crickt bat"":""""}",2,1,"{""name"":""polyline"",""all_points_x"":[1283,1271,1262,1252,1256,1255,1259,1267,1277,1289,1283],""all_points_y"":[576,624,643,659,694,703,700,650,627,581,579]}","{""cricket bat"":""cricket_bat""}"
0.png,2733210,"{""crickt bat"":""""}",1,0,"{""name"":""polyline"",""all_points_x"":[801,832,876,926,909,907,901,799],""all_points_y"":[87,93,132,202,211,206,210,87]}","{""cricket bat"":""cricket_bat""}"
1.png,3551283,"{""crickt bat"":""""}",1,0,"{""name"":""polyline"",""all_points_x"":[802,843,880,922,919,922,911,906,899,799,806],""all_points_y"":[88,94,139,201,203,206,212,206,206,94,84]}","{""cricket bat"":""cricket_bat""}"
2.png,3483065,"{""crickt bat"":""""}",1,0,"{""name"":""polyline"",""all_points_x"":[806,814,837,885,915,920,916,917,909,906,897,822,804,807],""all_points_y"":[89,88,97,141,195,202,205,208,215,208,208,110,90,87]}","{""cricket bat"":""cricket_bat""}"
3.png,3457805,"{""crickt bat"":""""}",1,0,"{""name"":""polyline"",""all_points_x"":[807,843,885,919,922,920,921,912,909,900,807,807],""all_points_y"":[82,90,143,193,198,201,206,208,206,206,88,83]}","{""cricket bat"":""cricket_bat""}"
4.png,3559899,"{""crickt bat"":""""}",1,0,"{""name"":""polyline"",""all_points_x"":[807,842,871,920,921,917,921,907,905,900,843,806,807],""all_points_y"":[77,84,120,188,195,197,203,208,203,203,128,84,77]}","{""cricket bat"":""cricket_bat""}"
5.png,3480958,"{""crickt bat"":""""}",1,0,"{""name"":""polyline"",""all_points_x"":[807,850,887,922,922,910,905,893,807],""all_points_y"":[74,83,138,196,200,205,200,202,75]}","{""cricket bat"":""cricket_bat""}"
6.png,3512967,"{""crickt bat"":""""}",1,0,"{""name"":""polyline"",""all_points_x"":[812,837,855,896,922,920,921,910,905,901,828,811,809],""all_points_y"":[72,70,80,147,189,193,196,200,196,198,93,78,70]}","{""cricket bat"":""cricket_bat""}"
7.png,3554744,"{""crickt bat"":""""}",1,0,"{""name"":""polyline"",""all_points_x"":[816,858,925,909,907,900,813,816],""all_points_y"":[58,77,193,201,197,198,64,58]}","{""cricket bat"":""cricket_bat""}"
8.png,3567723,"{""crickt bat"":""""}",1,0,"{""name"":""polyline"",""all_points_x"":[817,853,888,924,925,902,902,895,817],""all_points_y"":[59,64,119,187,191,201,193,192,60]}","{""cricket bat"":""cricket_bat""}"
9.png,3481974,"{""crickt bat"":""""}",1,0,"{""name"":""polyline"",""all_points_x"":[818,851,899,922,909,905,899,835,814,818],""all_points_y"":[46,50,133,188,197,191,191,83,49,45]}","{""cricket bat"":""cricket_bat""}"
10.png,3517684,"{""crickt bat"":""""}",1,0,"{""name"":""polyline"",""all_points_x"":[821,846,862,891,922,922,925,909,907,900,843,819],""all_points_y"":[45,46,61,110,174,187,192,192,187,189,87,43]}","{""cricket bat"":""cricket_bat""}"
11.png,3492211,"{""crickt bat"":""""}",1,0,"{""name"":""polyline"",""all_points_x"":[819,850,868,916,922,917,921,910,902,899,818],""all_points_y"":[34,39,64,166,174,184,188,191,186,184,30]}","{""cricket bat"":""cricket_bat""}"
12.png,3453475,"{""crickt bat"":""""}",1,0,"{""name"":""polyline"",""all_points_x"":[827,855,880,911,924,921,922,909,902,896,838,824,828],""all_points_y"":[28,43,80,148,177,182,195,196,182,181,64,28,26]}","{""cricket bat"":""cricket_bat""}"
13.png,3411701,"{""crickt bat"":""""}",1,0,"{""name"":""polyline"",""all_points_x"":[824,838,862,901,917,915,919,907,904,890,824],""all_points_y"":[24,16,35,114,168,174,182,191,179,178,21]}","{""cricket bat"":""cricket_bat""}"
14.png,3428245,"{""crickt bat"":""""}",1,0,"{""name"":""polyline"",""all_points_x"":[828,836,858,901,915,915,920,912,904,897,827],""all_points_y"":[15,9,18,113,158,171,183,183,174,167,15]}","{""cricket bat"":""cricket_bat""}"
15.png,3439368,"{""crickt bat"":""""}",1,0,"{""name"":""polyline"",""all_points_x"":[831,829,858,892,901,907,917,875,837,831],""all_points_y"":[6,19,74,166,168,183,181,28,0,3]}","{""cricket bat"":""cricket_bat""}"
16.png,3441307,"{""crickt bat"":""""}",1,0,"{""name"":""polyline"",""all_points_x"":[828,877,890,899,901,919,882,858,828],""all_points_y"":[1,114,161,158,171,172,43,3,0]}","{""cricket bat"":""cricket_bat""}"
17.png,3434662,"{""crickt bat"":""""}",1,0,"{""name"":""polyline"",""all_points_x"":[835,890,899,901,920,906,867,833],""all_points_y"":[1,152,154,166,168,119,4,1]}","{""cricket bat"":""cricket_bat""}"
18.png,3501706,"{""crickt bat"":""""}",1,0,"{""name"":""polyline"",""all_points_x"":[843,890,893,899,916,912,915,872,841],""all_points_y"":[0,152,152,162,161,149,136,1,-1]}","{""cricket bat"":""cricket_bat""}"
19.png,3402779,"{""crickt bat"":""""}",1,0,"{""name"":""polyline"",""all_points_x"":[851,888,896,897,911,912,901,877,848],""all_points_y"":[6,147,147,153,153,143,68,1,4]}","{""cricket bat"":""cricket_bat""}"
20.png,3349517,"{""crickt bat"":""""}",1,0,"{""name"":""polyline"",""all_points_x"":[857,888,896,904,912,910,911,893,888,856],""all_points_y"":[3,134,146,148,147,137,133,16,5,4]}","{""cricket bat"":""cricket_bat""}"
21.png,3356993,"{""crickt bat"":""""}",1,0,"{""name"":""polyline"",""all_points_x"":[865,887,896,897,920,910,912,915,902,896,865],""all_points_y"":[3,131,134,151,151,132,127,105,28,4,4]}","{""cricket bat"":""cricket_bat""}"
22.png,3461298,"{""crickt bat"":""""}",1,0,"{""name"":""polyline"",""all_points_x"":[875,887,896,897,915,910,911,909,904,899,899,899,910,902,873],""all_points_y"":[4,129,127,141,149,124,115,113,95,87,77,64,56,5,4]}","{""cricket bat"":""cricket_bat""}"
23.png,3475223,"{""crickt bat"":""""}",1,0,"{""name"":""polyline"",""all_points_x"":[886,890,897,897,915,916,912,911,907,906,904,897,901,901,917,914,882],""all_points_y"":[8,129,128,143,143,136,131,128,120,115,104,95,74,55,51,5,6]}","{""cricket bat"":""cricket_bat""}"
24.png,3465656,"{""crickt bat"":""""}",0,0,"{}","{}"
25.png,3440131,"{""crickt bat"":""""}",0,0,"{}","{}"
26.png,3367854,"{""crickt bat"":""""}",0,0,"{}","{}"
27.png,3462100,"{""crickt bat"":""""}",0,0,"{}","{}"
28.png,3348844,"{""crickt bat"":""""}",0,0,"{}","{}"
29.png,3350264,"{""crickt bat"":""""}",0,0,"{}","{}"
30.png,3365389,"{""crickt bat"":""""}",0,0,"{}","{}"
31.png,3371990,"{""crickt bat"":""""}",0,0,"{}","{}"
32.png,3446066,"{""crickt bat"":""""}",0,0,"{}","{}"
33.png,3369737,"{""crickt bat"":""""}",0,0,"{}","{}"
35.png,3383036,"{""crickt bat"":""""}",0,0,"{}","{}"
36.png,3459721,"{""crickt bat"":""""}",0,0,"{}","{}"
37.png,3469925,"{""crickt bat"":""""}",0,0,"{}","{}"
38.png,3460034,"{""crickt bat"":""""}",0,0,"{}","{}"
39.png,3438773,"{""crickt bat"":""""}",0,0,"{}","{}"
40.png,3386534,"{""crickt bat"":""""}",0,0,"{}","{}"
41.png,3506509,"{""crickt bat"":""""}",0,0,"{}","{}"
42.png,3390703,"{""crickt bat"":""""}",0,0,"{}","{}"
43.png,3368088,"{""crickt bat"":""""}",0,0,"{}","{}"
44.png,3394648,"{""crickt bat"":""""}",0,0,"{}","{}"
45.png,3330042,"{""crickt bat"":""""}",0,0,"{}","{}"
46.png,3389440,"{""crickt bat"":""""}",0,0,"{}","{}"
301.png,1675064,"{""crickt bat"":""""}",2,0,"{""name"":""polyline"",""all_points_x"":[942,930,945,954,961,952,950,949,942],""all_points_y"":[90,87,129,144,143,115,105,99,92]}","{""cricket bat"":""cricket_bat""}"
301.png,1675064,"{""crickt bat"":""""}",2,1,"{""name"":""polyline"",""all_points_x"":[1286,1277,1280,1255,1259,1265,1274,1285,1286,1295,1284],""all_points_y"":[591,624,631,693,712,720,671,637,619,592,590]}","{""cricket bat"":""cricket_bat""}"
302.png,1693800,"{""crickt bat"":""""}",2,0,"{""name"":""polyline"",""all_points_x"":[940,921,937,944,949,956,964,956,956,950,950,947,942],""all_points_y"":[92,85,118,136,146,159,152,142,134,124,114,109,89]}","{""cricket bat"":""cricket_bat""}"
302.png,1693800,"{""crickt bat"":""""}",2,1,"{""name"":""polyline"",""all_points_x"":[1290,1283,1281,1264,1266,1270,1276,1283,1290,1294,1301,1296,1289],""all_points_y"":[600,636,655,695,709,725,730,683,646,622,604,599,599]}","{""cricket bat"":""cricket_bat""}"
303.png,1710016,"{""crickt bat"":""""}",2,0,"{""name"":""polyline"",""all_points_x"":[935,917,930,946,960,942,934],""all_points_y"":[89,89,119,146,147,117,90]}","{""cricket bat"":""cricket_bat""}"
303.png,1710016,"{""crickt bat"":""""}",2,1,"{""name"":""polyline"",""all_points_x"":[1295,1288,1272,1269,1275,1281,1283,1283,1290,1296,1305,1294],""all_points_y"":[604,655,685,720,735,745,745,717,694,644,615,601]}","{""cricket bat"":""cricket_bat""}"
304.png,1719921,"{""crickt bat"":""""}",2,0,"{""name"":""polyline"",""all_points_x"":[935,910,935,942,944,955,946,940,934],""all_points_y"":[94,95,125,143,151,144,120,112,94]}","{""cricket bat"":""cricket_bat""}"
304.png,1719921,"{""crickt bat"":""""}",2,1,"{""name"":""polyline"",""all_points_x"":[1291,1295,1290,1290,1289,1280,1279,1289,1294,1305,1290],""all_points_y"":[610,626,650,665,679,700,742,759,715,627,607]}","{""cricket bat"":""cricket_bat""}"
305.png,1716131,"{""crickt bat"":""""}",2,0,"{""name"":""polyline"",""all_points_x"":[905,926,934,936,939,946,947,952,951,949,950,930,920,902,902],""all_points_y"":[99,133,141,149,159,169,173,171,162,151,147,109,100,95,100]}","{""cricket bat"":""cricket_bat""}"
305.png,1716131,"{""crickt bat"":""""}",2,1,"{""name"":""polyline"",""all_points_x"":[1296,1299,1298,1298,1286,1285,1290,1295,1299,1305,1308,1306,1304,1294],""all_points_y"":[629,644,658,688,710,749,767,768,719,691,659,644,632,621]}","{""cricket bat"":""cricket_bat""}"
306.png,1715923,"{""crickt bat"":""""}",2,0,"{""name"":""polyline"",""all_points_x"":[947,921,891,904,922,937,942,946],""all_points_y"":[163,120,115,125,144,164,169,167]}","{""cricket bat"":""cricket_bat""}"
306.png,1715923,"{""crickt bat"":""""}",2,1,"{""name"":""polyline"",""all_points_x"":[1299,1296,1293,1288,1290,1303,1304,1306,1310,1310,1310,1308,1295,1300,1301],""all_points_y"":[665,686,712,729,778,782,762,719,685,666,653,640,627,641,663]}","{""cricket bat"":""cricket_bat""}"
307.png,1695581,"{""crickt bat"":""""}",2,0,"{""name"":""polyline"",""all_points_x"":[935,912,891,883,899,920,936,944,945,936],""all_points_y"":[188,168,148,138,136,156,171,178,182,191]}","{""cricket bat"":""cricket_bat""}"
307.png,1695581,"{""crickt bat"":""""}",2,1,"{""name"":""polyline"",""all_points_x"":[1306,1303,1295,1300,1318,1318,1318,1313,1303],""all_points_y"":[665,715,778,802,803,778,690,666,666]}","{""cricket bat"":""cricket_bat""}"
308.png,1688714,"{""crickt bat"":""""}",2,0,"{""name"":""polyline"",""all_points_x"":[926,865,886,910,931,936,925],""all_points_y"":[195,128,125,151,182,189,198]}","{""cricket bat"":""cricket_bat""}"
308.png,1688714,"{""crickt bat"":""""}",2,1,"{""name"":""polyline"",""all_points_x"":[1316,1313,1315,1315,1311,1309,1329,1324,1324,1324,1321,1321,1314],""all_points_y"":[696,735,747,765,781,827,848,796,764,732,728,696,698]}","{""cricket bat"":""cricket_bat""}"
309.png,1633577,"{""crickt bat"":""""}",2,0,"{""name"":""polyline"",""all_points_x"":[931,870,853,887,900,917,936],""all_points_y"":[200,128,136,176,191,203,201]}","{""cricket bat"":""cricket_bat""}"
309.png,1633577,"{""crickt bat"":""""}",2,1,"{""name"":""polyline"",""all_points_x"":[1328,1326,1323,1321,1340,1344,1339,1338,1338,1333,1328],""all_points_y"":[745,829,835,875,873,835,819,798,769,749,745]}","{""cricket bat"":""cricket_bat""}"
310.png,1415378,"{""crickt bat"":""""}",1,0,"{""name"":""polyline"",""all_points_x"":[925,890,860,875,899,907,930,936,925],""all_points_y"":[243,202,171,166,186,197,225,237,243]}","{""cricket bat"":""cricket_bat""}"